-- phpMyAdmin SQL Dump
-- version 5.2.3
-- https://www.phpmyadmin.net/
--
-- Host: 127.0.0.1
-- Generation Time: Nov 01, 2025 at 10:00 AM
-- Server version: 10.4.32-MariaDB
-- PHP Version: 8.4.13

SET SQL_MODE = "NO_AUTO_VALUE_ON_ZERO";
START TRANSACTION;
SET time_zone = "+00:00";


/*!40101 SET @OLD_CHARACTER_SET_CLIENT=@@CHARACTER_SET_CLIENT */;
/*!40101 SET @OLD_CHARACTER_SET_RESULTS=@@CHARACTER_SET_RESULTS */;
/*!40101 SET @OLD_COLLATION_CONNECTION=@@COLLATION_CONNECTION */;
/*!40101 SET NAMES utf8mb4 */;

--
-- Database: `webapp_cukurmen`
--

-- --------------------------------------------------------

--
-- Table structure for table `barbers`
--

CREATE TABLE `barbers` (
  `id` bigint(20) UNSIGNED NOT NULL,
  `name` varchar(255) NOT NULL,
  `specialty` varchar(255) DEFAULT NULL,
  `rating` decimal(3,2) NOT NULL DEFAULT 0.00,
  `image_path` varchar(255) DEFAULT NULL,
  `status` enum('active','inactive') NOT NULL DEFAULT 'active',
  `created_at` timestamp NULL DEFAULT NULL,
  `updated_at` timestamp NULL DEFAULT NULL
) ENGINE=InnoDB DEFAULT CHARSET=utf8mb4 COLLATE=utf8mb4_unicode_ci;

--
-- Dumping data for table `barbers`
--

INSERT INTO `barbers` (`id`, `name`, `specialty`, `rating`, `image_path`, `status`, `created_at`, `updated_at`) VALUES
(1, 'Zaki', 'Scissor Cut', 4.80, '/assets/img/barber1.jpg', 'active', '2025-10-23 01:30:21', '2025-10-23 01:30:21'),
(2, 'Safik', 'Razor Shave', 4.90, '/assets/img/barber2.jpg', 'active', '2025-10-23 01:30:21', '2025-10-23 01:30:21'),
(3, 'Budi', 'Coloring', 4.70, '/assets/img/barber3.jpg', 'active', '2025-10-23 01:30:21', '2025-10-23 01:30:21');

-- --------------------------------------------------------

--
-- Table structure for table `bookings`
--

CREATE TABLE `bookings` (
  `id` bigint(20) UNSIGNED NOT NULL,
  `user_id` bigint(20) UNSIGNED NOT NULL,
  `phone` varchar(255) DEFAULT NULL,
  `service_id` bigint(20) UNSIGNED NOT NULL,
  `barber_id` bigint(20) UNSIGNED NOT NULL,
  `booking_date` date NOT NULL,
  `booking_time` time NOT NULL,
  `booking_datetime` datetime DEFAULT NULL,
  `total_price` int(11) NOT NULL,
  `duration` int(11) NOT NULL,
  `status` enum('pending','confirmed','in_progress','completed','cancelled') DEFAULT 'pending',
  `payment_method` varchar(255) NOT NULL DEFAULT 'Bayar di Tempat',
  `payment_status` enum('unpaid','paid') NOT NULL DEFAULT 'unpaid',
  `booking_id` varchar(255) NOT NULL,
  `created_at` timestamp NULL DEFAULT NULL,
  `updated_at` timestamp NULL DEFAULT NULL
) ENGINE=InnoDB DEFAULT CHARSET=utf8mb4 COLLATE=utf8mb4_unicode_ci;

--
-- Dumping data for table `bookings`
--

INSERT INTO `bookings` (`id`, `user_id`, `phone`, `service_id`, `barber_id`, `booking_date`, `booking_time`, `booking_datetime`, `total_price`, `duration`, `status`, `payment_method`, `payment_status`, `booking_id`, `created_at`, `updated_at`) VALUES
(15, 4, '081234567833', 1, 1, '2025-10-26', '11:10:00', NULL, 20000, 35, 'completed', 'Walk-in', 'unpaid', 'BK6D1DD31E', '2025-10-26 01:10:05', '2025-10-26 02:35:49'),
(16, 12, '082109483904', 4, 1, '2025-10-26', '13:30:00', NULL, 80000, 105, 'completed', 'Bayar di Tempat', 'unpaid', 'BK20251026C5FBB5', '2025-10-26 01:12:09', '2025-10-26 02:35:56'),
(17, 13, '4239843294', 4, 2, '2025-10-26', '10:00:00', NULL, 80000, 105, 'completed', 'Bayar di Tempat', 'unpaid', 'BK202510262B41A3', '2025-10-26 02:39:25', '2025-10-26 02:42:48'),
(18, 4, '081234567822', 1, 1, '2025-10-26', '11:45:00', NULL, 20000, 35, 'completed', 'Walk-in', 'unpaid', 'BKF1FF67D7', '2025-10-26 03:54:03', '2025-10-26 03:58:37'),
(19, 4, '081234567822', 1, 2, '2025-10-26', '11:45:00', NULL, 20000, 35, 'cancelled', 'Walk-in', 'unpaid', 'BKB9446010', '2025-10-26 04:04:28', '2025-10-26 05:29:41'),
(20, 4, '62878565', 1, 1, '2025-10-26', '12:55:00', NULL, 20000, 35, 'completed', 'Walk-in', 'unpaid', 'BKAFDF6E5D', '2025-10-26 05:09:09', '2025-10-26 05:30:31'),
(21, 14, '085706437059', 1, 2, '2025-10-26', '14:05:00', NULL, 20000, 35, 'completed', 'Bayar di Tempat', 'unpaid', 'BK20251026B7CCC8', '2025-10-26 06:16:14', '2025-10-26 06:25:16'),
(22, 15, '6281229018930', 5, 2, '2025-10-30', '20:00:00', NULL, 175000, 120, 'pending', 'Walk-in', 'unpaid', 'BK014F7B4C', '2025-10-26 10:20:13', '2025-10-26 10:20:13'),
(23, 15, '6281229018930', 1, 1, '2025-10-26', '20:30:00', NULL, 20000, 35, 'completed', 'Walk-in', 'unpaid', 'BK1AEC02E4', '2025-10-26 10:27:03', '2025-10-26 10:29:28'),
(24, 16, '083843653251', 1, 1, '2025-10-26', '19:55:00', NULL, 20000, 35, 'completed', 'Walk-in', 'unpaid', 'BK26D228B6', '2025-10-26 12:27:45', '2025-10-26 12:33:46'),
(25, 4, '083843653251', 1, 1, '2025-10-27', '11:10:00', NULL, 20000, 35, 'cancelled', 'Walk-in', 'unpaid', 'BK3F322AB3', '2025-10-27 03:21:15', '2025-10-27 03:23:28'),
(26, 4, '6281229465559', 1, 1, '2025-10-27', '11:10:00', NULL, 20000, 35, 'completed', 'Walk-in', 'unpaid', 'BK98682023', '2025-10-27 03:24:23', '2025-10-27 04:01:00'),
(27, 4, '081318977078', 1, 1, '2025-10-29', '19:55:00', NULL, 20000, 35, 'pending', 'Walk-in', 'unpaid', 'BKDBCB8D03', '2025-10-29 12:56:29', '2025-10-29 12:56:29');

-- --------------------------------------------------------

--
-- Table structure for table `cache`
--

CREATE TABLE `cache` (
  `key` varchar(255) NOT NULL,
  `value` mediumtext NOT NULL,
  `expiration` int(11) NOT NULL
) ENGINE=InnoDB DEFAULT CHARSET=utf8mb4 COLLATE=utf8mb4_unicode_ci;

-- --------------------------------------------------------

--
-- Table structure for table `cache_locks`
--

CREATE TABLE `cache_locks` (
  `key` varchar(255) NOT NULL,
  `owner` varchar(255) NOT NULL,
  `expiration` int(11) NOT NULL
) ENGINE=InnoDB DEFAULT CHARSET=utf8mb4 COLLATE=utf8mb4_unicode_ci;

-- --------------------------------------------------------

--
-- Table structure for table `failed_jobs`
--

CREATE TABLE `failed_jobs` (
  `id` bigint(20) UNSIGNED NOT NULL,
  `uuid` varchar(255) NOT NULL,
  `connection` text NOT NULL,
  `queue` text NOT NULL,
  `payload` longtext NOT NULL,
  `exception` longtext NOT NULL,
  `failed_at` timestamp NOT NULL DEFAULT current_timestamp()
) ENGINE=InnoDB DEFAULT CHARSET=utf8mb4 COLLATE=utf8mb4_unicode_ci;

-- --------------------------------------------------------

--
-- Table structure for table `jobs`
--

CREATE TABLE `jobs` (
  `id` bigint(20) UNSIGNED NOT NULL,
  `queue` varchar(255) NOT NULL,
  `payload` longtext NOT NULL,
  `attempts` tinyint(3) UNSIGNED NOT NULL,
  `reserved_at` int(10) UNSIGNED DEFAULT NULL,
  `available_at` int(10) UNSIGNED NOT NULL,
  `created_at` int(10) UNSIGNED NOT NULL
) ENGINE=InnoDB DEFAULT CHARSET=utf8mb4 COLLATE=utf8mb4_unicode_ci;

--
-- Dumping data for table `jobs`
--

INSERT INTO `jobs` (`id`, `queue`, `payload`, `attempts`, `reserved_at`, `available_at`, `created_at`) VALUES
(1, 'default', '{\"uuid\":\"c81d85d0-1ed6-4884-9e36-da034e4f2ab5\",\"displayName\":\"App\\\\Events\\\\BookingStatusUpdated\",\"job\":\"Illuminate\\\\Queue\\\\CallQueuedHandler@call\",\"maxTries\":null,\"maxExceptions\":null,\"failOnTimeout\":false,\"backoff\":null,\"timeout\":null,\"retryUntil\":null,\"data\":{\"commandName\":\"Illuminate\\\\Broadcasting\\\\BroadcastEvent\",\"command\":\"O:38:\\\"Illuminate\\\\Broadcasting\\\\BroadcastEvent\\\":16:{s:5:\\\"event\\\";O:31:\\\"App\\\\Events\\\\BookingStatusUpdated\\\":1:{s:7:\\\"booking\\\";O:45:\\\"Illuminate\\\\Contracts\\\\Database\\\\ModelIdentifier\\\":5:{s:5:\\\"class\\\";s:18:\\\"App\\\\Models\\\\Booking\\\";s:2:\\\"id\\\";i:11;s:9:\\\"relations\\\";a:0:{}s:10:\\\"connection\\\";s:5:\\\"mysql\\\";s:15:\\\"collectionClass\\\";N;}}s:5:\\\"tries\\\";N;s:7:\\\"timeout\\\";N;s:7:\\\"backoff\\\";N;s:13:\\\"maxExceptions\\\";N;s:10:\\\"connection\\\";N;s:5:\\\"queue\\\";N;s:12:\\\"messageGroup\\\";N;s:12:\\\"deduplicator\\\";N;s:5:\\\"delay\\\";N;s:11:\\\"afterCommit\\\";N;s:10:\\\"middleware\\\";a:0:{}s:7:\\\"chained\\\";a:0:{}s:15:\\\"chainConnection\\\";N;s:10:\\\"chainQueue\\\";N;s:19:\\\"chainCatchCallbacks\\\";N;}\"},\"createdAt\":1761394071,\"delay\":null}', 0, NULL, 1761394071, 1761394071),
(2, 'default', '{\"uuid\":\"a6231be2-d9f2-4e96-a9cd-a3a66dafb790\",\"displayName\":\"App\\\\Events\\\\BookingStatusUpdated\",\"job\":\"Illuminate\\\\Queue\\\\CallQueuedHandler@call\",\"maxTries\":null,\"maxExceptions\":null,\"failOnTimeout\":false,\"backoff\":null,\"timeout\":null,\"retryUntil\":null,\"data\":{\"commandName\":\"Illuminate\\\\Broadcasting\\\\BroadcastEvent\",\"command\":\"O:38:\\\"Illuminate\\\\Broadcasting\\\\BroadcastEvent\\\":16:{s:5:\\\"event\\\";O:31:\\\"App\\\\Events\\\\BookingStatusUpdated\\\":1:{s:7:\\\"booking\\\";O:45:\\\"Illuminate\\\\Contracts\\\\Database\\\\ModelIdentifier\\\":5:{s:5:\\\"class\\\";s:18:\\\"App\\\\Models\\\\Booking\\\";s:2:\\\"id\\\";i:10;s:9:\\\"relations\\\";a:0:{}s:10:\\\"connection\\\";s:5:\\\"mysql\\\";s:15:\\\"collectionClass\\\";N;}}s:5:\\\"tries\\\";N;s:7:\\\"timeout\\\";N;s:7:\\\"backoff\\\";N;s:13:\\\"maxExceptions\\\";N;s:10:\\\"connection\\\";N;s:5:\\\"queue\\\";N;s:12:\\\"messageGroup\\\";N;s:12:\\\"deduplicator\\\";N;s:5:\\\"delay\\\";N;s:11:\\\"afterCommit\\\";N;s:10:\\\"middleware\\\";a:0:{}s:7:\\\"chained\\\";a:0:{}s:15:\\\"chainConnection\\\";N;s:10:\\\"chainQueue\\\";N;s:19:\\\"chainCatchCallbacks\\\";N;}\"},\"createdAt\":1761409201,\"delay\":null}', 0, NULL, 1761409201, 1761409201),
(3, 'default', '{\"uuid\":\"e7d7a240-4286-4225-8374-d0a1642db3fb\",\"displayName\":\"App\\\\Events\\\\BookingStatusUpdated\",\"job\":\"Illuminate\\\\Queue\\\\CallQueuedHandler@call\",\"maxTries\":null,\"maxExceptions\":null,\"failOnTimeout\":false,\"backoff\":null,\"timeout\":null,\"retryUntil\":null,\"data\":{\"commandName\":\"Illuminate\\\\Broadcasting\\\\BroadcastEvent\",\"command\":\"O:38:\\\"Illuminate\\\\Broadcasting\\\\BroadcastEvent\\\":16:{s:5:\\\"event\\\";O:31:\\\"App\\\\Events\\\\BookingStatusUpdated\\\":1:{s:7:\\\"booking\\\";O:45:\\\"Illuminate\\\\Contracts\\\\Database\\\\ModelIdentifier\\\":5:{s:5:\\\"class\\\";s:18:\\\"App\\\\Models\\\\Booking\\\";s:2:\\\"id\\\";i:10;s:9:\\\"relations\\\";a:0:{}s:10:\\\"connection\\\";s:5:\\\"mysql\\\";s:15:\\\"collectionClass\\\";N;}}s:5:\\\"tries\\\";N;s:7:\\\"timeout\\\";N;s:7:\\\"backoff\\\";N;s:13:\\\"maxExceptions\\\";N;s:10:\\\"connection\\\";N;s:5:\\\"queue\\\";N;s:12:\\\"messageGroup\\\";N;s:12:\\\"deduplicator\\\";N;s:5:\\\"delay\\\";N;s:11:\\\"afterCommit\\\";N;s:10:\\\"middleware\\\";a:0:{}s:7:\\\"chained\\\";a:0:{}s:15:\\\"chainConnection\\\";N;s:10:\\\"chainQueue\\\";N;s:19:\\\"chainCatchCallbacks\\\";N;}\"},\"createdAt\":1761409207,\"delay\":null}', 0, NULL, 1761409207, 1761409207),
(4, 'default', '{\"uuid\":\"d606727c-717d-4cd7-8ab3-bec833dc23db\",\"displayName\":\"App\\\\Events\\\\BookingStatusUpdated\",\"job\":\"Illuminate\\\\Queue\\\\CallQueuedHandler@call\",\"maxTries\":null,\"maxExceptions\":null,\"failOnTimeout\":false,\"backoff\":null,\"timeout\":null,\"retryUntil\":null,\"data\":{\"commandName\":\"Illuminate\\\\Broadcasting\\\\BroadcastEvent\",\"command\":\"O:38:\\\"Illuminate\\\\Broadcasting\\\\BroadcastEvent\\\":16:{s:5:\\\"event\\\";O:31:\\\"App\\\\Events\\\\BookingStatusUpdated\\\":1:{s:7:\\\"booking\\\";O:45:\\\"Illuminate\\\\Contracts\\\\Database\\\\ModelIdentifier\\\":5:{s:5:\\\"class\\\";s:18:\\\"App\\\\Models\\\\Booking\\\";s:2:\\\"id\\\";i:10;s:9:\\\"relations\\\";a:0:{}s:10:\\\"connection\\\";s:5:\\\"mysql\\\";s:15:\\\"collectionClass\\\";N;}}s:5:\\\"tries\\\";N;s:7:\\\"timeout\\\";N;s:7:\\\"backoff\\\";N;s:13:\\\"maxExceptions\\\";N;s:10:\\\"connection\\\";N;s:5:\\\"queue\\\";N;s:12:\\\"messageGroup\\\";N;s:12:\\\"deduplicator\\\";N;s:5:\\\"delay\\\";N;s:11:\\\"afterCommit\\\";N;s:10:\\\"middleware\\\";a:0:{}s:7:\\\"chained\\\";a:0:{}s:15:\\\"chainConnection\\\";N;s:10:\\\"chainQueue\\\";N;s:19:\\\"chainCatchCallbacks\\\";N;}\"},\"createdAt\":1761409214,\"delay\":null}', 0, NULL, 1761409214, 1761409214),
(5, 'default', '{\"uuid\":\"4cd29527-4703-4223-9298-114f4cef180f\",\"displayName\":\"App\\\\Events\\\\BookingStatusUpdated\",\"job\":\"Illuminate\\\\Queue\\\\CallQueuedHandler@call\",\"maxTries\":null,\"maxExceptions\":null,\"failOnTimeout\":false,\"backoff\":null,\"timeout\":null,\"retryUntil\":null,\"data\":{\"commandName\":\"Illuminate\\\\Broadcasting\\\\BroadcastEvent\",\"command\":\"O:38:\\\"Illuminate\\\\Broadcasting\\\\BroadcastEvent\\\":16:{s:5:\\\"event\\\";O:31:\\\"App\\\\Events\\\\BookingStatusUpdated\\\":1:{s:7:\\\"booking\\\";O:45:\\\"Illuminate\\\\Contracts\\\\Database\\\\ModelIdentifier\\\":5:{s:5:\\\"class\\\";s:18:\\\"App\\\\Models\\\\Booking\\\";s:2:\\\"id\\\";i:14;s:9:\\\"relations\\\";a:0:{}s:10:\\\"connection\\\";s:5:\\\"mysql\\\";s:15:\\\"collectionClass\\\";N;}}s:5:\\\"tries\\\";N;s:7:\\\"timeout\\\";N;s:7:\\\"backoff\\\";N;s:13:\\\"maxExceptions\\\";N;s:10:\\\"connection\\\";N;s:5:\\\"queue\\\";N;s:12:\\\"messageGroup\\\";N;s:12:\\\"deduplicator\\\";N;s:5:\\\"delay\\\";N;s:11:\\\"afterCommit\\\";N;s:10:\\\"middleware\\\";a:0:{}s:7:\\\"chained\\\";a:0:{}s:15:\\\"chainConnection\\\";N;s:10:\\\"chainQueue\\\";N;s:19:\\\"chainCatchCallbacks\\\";N;}\"},\"createdAt\":1761418285,\"delay\":null}', 0, NULL, 1761418285, 1761418285),
(6, 'default', '{\"uuid\":\"4773b8d0-db4b-4340-9860-fda3807e0d10\",\"displayName\":\"App\\\\Events\\\\BookingStatusUpdated\",\"job\":\"Illuminate\\\\Queue\\\\CallQueuedHandler@call\",\"maxTries\":null,\"maxExceptions\":null,\"failOnTimeout\":false,\"backoff\":null,\"timeout\":null,\"retryUntil\":null,\"data\":{\"commandName\":\"Illuminate\\\\Broadcasting\\\\BroadcastEvent\",\"command\":\"O:38:\\\"Illuminate\\\\Broadcasting\\\\BroadcastEvent\\\":16:{s:5:\\\"event\\\";O:31:\\\"App\\\\Events\\\\BookingStatusUpdated\\\":1:{s:7:\\\"booking\\\";O:45:\\\"Illuminate\\\\Contracts\\\\Database\\\\ModelIdentifier\\\":5:{s:5:\\\"class\\\";s:18:\\\"App\\\\Models\\\\Booking\\\";s:2:\\\"id\\\";i:15;s:9:\\\"relations\\\";a:0:{}s:10:\\\"connection\\\";s:5:\\\"mysql\\\";s:15:\\\"collectionClass\\\";N;}}s:5:\\\"tries\\\";N;s:7:\\\"timeout\\\";N;s:7:\\\"backoff\\\";N;s:13:\\\"maxExceptions\\\";N;s:10:\\\"connection\\\";N;s:5:\\\"queue\\\";N;s:12:\\\"messageGroup\\\";N;s:12:\\\"deduplicator\\\";N;s:5:\\\"delay\\\";N;s:11:\\\"afterCommit\\\";N;s:10:\\\"middleware\\\";a:0:{}s:7:\\\"chained\\\";a:0:{}s:15:\\\"chainConnection\\\";N;s:10:\\\"chainQueue\\\";N;s:19:\\\"chainCatchCallbacks\\\";N;}\"},\"createdAt\":1761441009,\"delay\":null}', 0, NULL, 1761441009, 1761441009),
(7, 'default', '{\"uuid\":\"bd30ebe2-d954-4e60-b492-901eca2005d2\",\"displayName\":\"App\\\\Events\\\\BookingStatusUpdated\",\"job\":\"Illuminate\\\\Queue\\\\CallQueuedHandler@call\",\"maxTries\":null,\"maxExceptions\":null,\"failOnTimeout\":false,\"backoff\":null,\"timeout\":null,\"retryUntil\":null,\"data\":{\"commandName\":\"Illuminate\\\\Broadcasting\\\\BroadcastEvent\",\"command\":\"O:38:\\\"Illuminate\\\\Broadcasting\\\\BroadcastEvent\\\":16:{s:5:\\\"event\\\";O:31:\\\"App\\\\Events\\\\BookingStatusUpdated\\\":1:{s:7:\\\"booking\\\";O:45:\\\"Illuminate\\\\Contracts\\\\Database\\\\ModelIdentifier\\\":5:{s:5:\\\"class\\\";s:18:\\\"App\\\\Models\\\\Booking\\\";s:2:\\\"id\\\";i:15;s:9:\\\"relations\\\";a:0:{}s:10:\\\"connection\\\";s:5:\\\"mysql\\\";s:15:\\\"collectionClass\\\";N;}}s:5:\\\"tries\\\";N;s:7:\\\"timeout\\\";N;s:7:\\\"backoff\\\";N;s:13:\\\"maxExceptions\\\";N;s:10:\\\"connection\\\";N;s:5:\\\"queue\\\";N;s:12:\\\"messageGroup\\\";N;s:12:\\\"deduplicator\\\";N;s:5:\\\"delay\\\";N;s:11:\\\"afterCommit\\\";N;s:10:\\\"middleware\\\";a:0:{}s:7:\\\"chained\\\";a:0:{}s:15:\\\"chainConnection\\\";N;s:10:\\\"chainQueue\\\";N;s:19:\\\"chainCatchCallbacks\\\";N;}\"},\"createdAt\":1761441055,\"delay\":null}', 0, NULL, 1761441055, 1761441055),
(8, 'default', '{\"uuid\":\"8e828491-df84-4a1b-a7e0-efbaf0af2590\",\"displayName\":\"App\\\\Events\\\\BookingStatusUpdated\",\"job\":\"Illuminate\\\\Queue\\\\CallQueuedHandler@call\",\"maxTries\":null,\"maxExceptions\":null,\"failOnTimeout\":false,\"backoff\":null,\"timeout\":null,\"retryUntil\":null,\"data\":{\"commandName\":\"Illuminate\\\\Broadcasting\\\\BroadcastEvent\",\"command\":\"O:38:\\\"Illuminate\\\\Broadcasting\\\\BroadcastEvent\\\":16:{s:5:\\\"event\\\";O:31:\\\"App\\\\Events\\\\BookingStatusUpdated\\\":1:{s:7:\\\"booking\\\";O:45:\\\"Illuminate\\\\Contracts\\\\Database\\\\ModelIdentifier\\\":5:{s:5:\\\"class\\\";s:18:\\\"App\\\\Models\\\\Booking\\\";s:2:\\\"id\\\";i:15;s:9:\\\"relations\\\";a:0:{}s:10:\\\"connection\\\";s:5:\\\"mysql\\\";s:15:\\\"collectionClass\\\";N;}}s:5:\\\"tries\\\";N;s:7:\\\"timeout\\\";N;s:7:\\\"backoff\\\";N;s:13:\\\"maxExceptions\\\";N;s:10:\\\"connection\\\";N;s:5:\\\"queue\\\";N;s:12:\\\"messageGroup\\\";N;s:12:\\\"deduplicator\\\";N;s:5:\\\"delay\\\";N;s:11:\\\"afterCommit\\\";N;s:10:\\\"middleware\\\";a:0:{}s:7:\\\"chained\\\";a:0:{}s:15:\\\"chainConnection\\\";N;s:10:\\\"chainQueue\\\";N;s:19:\\\"chainCatchCallbacks\\\";N;}\"},\"createdAt\":1761441070,\"delay\":null}', 0, NULL, 1761441070, 1761441070),
(9, 'default', '{\"uuid\":\"4e704b00-754c-4745-8ebb-c7c877d2a8ae\",\"displayName\":\"App\\\\Events\\\\BookingStatusUpdated\",\"job\":\"Illuminate\\\\Queue\\\\CallQueuedHandler@call\",\"maxTries\":null,\"maxExceptions\":null,\"failOnTimeout\":false,\"backoff\":null,\"timeout\":null,\"retryUntil\":null,\"data\":{\"commandName\":\"Illuminate\\\\Broadcasting\\\\BroadcastEvent\",\"command\":\"O:38:\\\"Illuminate\\\\Broadcasting\\\\BroadcastEvent\\\":16:{s:5:\\\"event\\\";O:31:\\\"App\\\\Events\\\\BookingStatusUpdated\\\":1:{s:7:\\\"booking\\\";O:45:\\\"Illuminate\\\\Contracts\\\\Database\\\\ModelIdentifier\\\":5:{s:5:\\\"class\\\";s:18:\\\"App\\\\Models\\\\Booking\\\";s:2:\\\"id\\\";i:14;s:9:\\\"relations\\\";a:0:{}s:10:\\\"connection\\\";s:5:\\\"mysql\\\";s:15:\\\"collectionClass\\\";N;}}s:5:\\\"tries\\\";N;s:7:\\\"timeout\\\";N;s:7:\\\"backoff\\\";N;s:13:\\\"maxExceptions\\\";N;s:10:\\\"connection\\\";N;s:5:\\\"queue\\\";N;s:12:\\\"messageGroup\\\";N;s:12:\\\"deduplicator\\\";N;s:5:\\\"delay\\\";N;s:11:\\\"afterCommit\\\";N;s:10:\\\"middleware\\\";a:0:{}s:7:\\\"chained\\\";a:0:{}s:15:\\\"chainConnection\\\";N;s:10:\\\"chainQueue\\\";N;s:19:\\\"chainCatchCallbacks\\\";N;}\"},\"createdAt\":1761443132,\"delay\":null}', 0, NULL, 1761443133, 1761443133),
(10, 'default', '{\"uuid\":\"dd46f4b0-d90d-4fc7-8b2e-0f583d4d9454\",\"displayName\":\"App\\\\Events\\\\BookingStatusUpdated\",\"job\":\"Illuminate\\\\Queue\\\\CallQueuedHandler@call\",\"maxTries\":null,\"maxExceptions\":null,\"failOnTimeout\":false,\"backoff\":null,\"timeout\":null,\"retryUntil\":null,\"data\":{\"commandName\":\"Illuminate\\\\Broadcasting\\\\BroadcastEvent\",\"command\":\"O:38:\\\"Illuminate\\\\Broadcasting\\\\BroadcastEvent\\\":16:{s:5:\\\"event\\\";O:31:\\\"App\\\\Events\\\\BookingStatusUpdated\\\":1:{s:7:\\\"booking\\\";O:45:\\\"Illuminate\\\\Contracts\\\\Database\\\\ModelIdentifier\\\":5:{s:5:\\\"class\\\";s:18:\\\"App\\\\Models\\\\Booking\\\";s:2:\\\"id\\\";i:16;s:9:\\\"relations\\\";a:0:{}s:10:\\\"connection\\\";s:5:\\\"mysql\\\";s:15:\\\"collectionClass\\\";N;}}s:5:\\\"tries\\\";N;s:7:\\\"timeout\\\";N;s:7:\\\"backoff\\\";N;s:13:\\\"maxExceptions\\\";N;s:10:\\\"connection\\\";N;s:5:\\\"queue\\\";N;s:12:\\\"messageGroup\\\";N;s:12:\\\"deduplicator\\\";N;s:5:\\\"delay\\\";N;s:11:\\\"afterCommit\\\";N;s:10:\\\"middleware\\\";a:0:{}s:7:\\\"chained\\\";a:0:{}s:15:\\\"chainConnection\\\";N;s:10:\\\"chainQueue\\\";N;s:19:\\\"chainCatchCallbacks\\\";N;}\"},\"createdAt\":1761443543,\"delay\":null}', 0, NULL, 1761443543, 1761443543),
(11, 'default', '{\"uuid\":\"fa1ffe9a-e194-4fcc-8138-2a228493fe01\",\"displayName\":\"App\\\\Events\\\\BookingStatusUpdated\",\"job\":\"Illuminate\\\\Queue\\\\CallQueuedHandler@call\",\"maxTries\":null,\"maxExceptions\":null,\"failOnTimeout\":false,\"backoff\":null,\"timeout\":null,\"retryUntil\":null,\"data\":{\"commandName\":\"Illuminate\\\\Broadcasting\\\\BroadcastEvent\",\"command\":\"O:38:\\\"Illuminate\\\\Broadcasting\\\\BroadcastEvent\\\":16:{s:5:\\\"event\\\";O:31:\\\"App\\\\Events\\\\BookingStatusUpdated\\\":1:{s:7:\\\"booking\\\";O:45:\\\"Illuminate\\\\Contracts\\\\Database\\\\ModelIdentifier\\\":5:{s:5:\\\"class\\\";s:18:\\\"App\\\\Models\\\\Booking\\\";s:2:\\\"id\\\";i:14;s:9:\\\"relations\\\";a:0:{}s:10:\\\"connection\\\";s:5:\\\"mysql\\\";s:15:\\\"collectionClass\\\";N;}}s:5:\\\"tries\\\";N;s:7:\\\"timeout\\\";N;s:7:\\\"backoff\\\";N;s:13:\\\"maxExceptions\\\";N;s:10:\\\"connection\\\";N;s:5:\\\"queue\\\";N;s:12:\\\"messageGroup\\\";N;s:12:\\\"deduplicator\\\";N;s:5:\\\"delay\\\";N;s:11:\\\"afterCommit\\\";N;s:10:\\\"middleware\\\";a:0:{}s:7:\\\"chained\\\";a:0:{}s:15:\\\"chainConnection\\\";N;s:10:\\\"chainQueue\\\";N;s:19:\\\"chainCatchCallbacks\\\";N;}\"},\"createdAt\":1761443716,\"delay\":null}', 0, NULL, 1761443716, 1761443716),
(12, 'default', '{\"uuid\":\"07789424-13bf-4894-b6e9-97e582c43423\",\"displayName\":\"App\\\\Events\\\\BookingStatusUpdated\",\"job\":\"Illuminate\\\\Queue\\\\CallQueuedHandler@call\",\"maxTries\":null,\"maxExceptions\":null,\"failOnTimeout\":false,\"backoff\":null,\"timeout\":null,\"retryUntil\":null,\"data\":{\"commandName\":\"Illuminate\\\\Broadcasting\\\\BroadcastEvent\",\"command\":\"O:38:\\\"Illuminate\\\\Broadcasting\\\\BroadcastEvent\\\":16:{s:5:\\\"event\\\";O:31:\\\"App\\\\Events\\\\BookingStatusUpdated\\\":1:{s:7:\\\"booking\\\";O:45:\\\"Illuminate\\\\Contracts\\\\Database\\\\ModelIdentifier\\\":5:{s:5:\\\"class\\\";s:18:\\\"App\\\\Models\\\\Booking\\\";s:2:\\\"id\\\";i:14;s:9:\\\"relations\\\";a:0:{}s:10:\\\"connection\\\";s:5:\\\"mysql\\\";s:15:\\\"collectionClass\\\";N;}}s:5:\\\"tries\\\";N;s:7:\\\"timeout\\\";N;s:7:\\\"backoff\\\";N;s:13:\\\"maxExceptions\\\";N;s:10:\\\"connection\\\";N;s:5:\\\"queue\\\";N;s:12:\\\"messageGroup\\\";N;s:12:\\\"deduplicator\\\";N;s:5:\\\"delay\\\";N;s:11:\\\"afterCommit\\\";N;s:10:\\\"middleware\\\";a:0:{}s:7:\\\"chained\\\";a:0:{}s:15:\\\"chainConnection\\\";N;s:10:\\\"chainQueue\\\";N;s:19:\\\"chainCatchCallbacks\\\";N;}\"},\"createdAt\":1761443761,\"delay\":null}', 0, NULL, 1761443761, 1761443761),
(13, 'default', '{\"uuid\":\"6f5b24b8-8ad9-458d-b492-fa514df78f9a\",\"displayName\":\"App\\\\Events\\\\BookingStatusUpdated\",\"job\":\"Illuminate\\\\Queue\\\\CallQueuedHandler@call\",\"maxTries\":null,\"maxExceptions\":null,\"failOnTimeout\":false,\"backoff\":null,\"timeout\":null,\"retryUntil\":null,\"data\":{\"commandName\":\"Illuminate\\\\Broadcasting\\\\BroadcastEvent\",\"command\":\"O:38:\\\"Illuminate\\\\Broadcasting\\\\BroadcastEvent\\\":16:{s:5:\\\"event\\\";O:31:\\\"App\\\\Events\\\\BookingStatusUpdated\\\":1:{s:7:\\\"booking\\\";O:45:\\\"Illuminate\\\\Contracts\\\\Database\\\\ModelIdentifier\\\":5:{s:5:\\\"class\\\";s:18:\\\"App\\\\Models\\\\Booking\\\";s:2:\\\"id\\\";i:14;s:9:\\\"relations\\\";a:0:{}s:10:\\\"connection\\\";s:5:\\\"mysql\\\";s:15:\\\"collectionClass\\\";N;}}s:5:\\\"tries\\\";N;s:7:\\\"timeout\\\";N;s:7:\\\"backoff\\\";N;s:13:\\\"maxExceptions\\\";N;s:10:\\\"connection\\\";N;s:5:\\\"queue\\\";N;s:12:\\\"messageGroup\\\";N;s:12:\\\"deduplicator\\\";N;s:5:\\\"delay\\\";N;s:11:\\\"afterCommit\\\";N;s:10:\\\"middleware\\\";a:0:{}s:7:\\\"chained\\\";a:0:{}s:15:\\\"chainConnection\\\";N;s:10:\\\"chainQueue\\\";N;s:19:\\\"chainCatchCallbacks\\\";N;}\"},\"createdAt\":1761443790,\"delay\":null}', 0, NULL, 1761443790, 1761443790),
(14, 'default', '{\"uuid\":\"073db14d-2963-4842-9933-bf94869b4280\",\"displayName\":\"App\\\\Events\\\\BookingStatusUpdated\",\"job\":\"Illuminate\\\\Queue\\\\CallQueuedHandler@call\",\"maxTries\":null,\"maxExceptions\":null,\"failOnTimeout\":false,\"backoff\":null,\"timeout\":null,\"retryUntil\":null,\"data\":{\"commandName\":\"Illuminate\\\\Broadcasting\\\\BroadcastEvent\",\"command\":\"O:38:\\\"Illuminate\\\\Broadcasting\\\\BroadcastEvent\\\":16:{s:5:\\\"event\\\";O:31:\\\"App\\\\Events\\\\BookingStatusUpdated\\\":1:{s:7:\\\"booking\\\";O:45:\\\"Illuminate\\\\Contracts\\\\Database\\\\ModelIdentifier\\\":5:{s:5:\\\"class\\\";s:18:\\\"App\\\\Models\\\\Booking\\\";s:2:\\\"id\\\";i:15;s:9:\\\"relations\\\";a:0:{}s:10:\\\"connection\\\";s:5:\\\"mysql\\\";s:15:\\\"collectionClass\\\";N;}}s:5:\\\"tries\\\";N;s:7:\\\"timeout\\\";N;s:7:\\\"backoff\\\";N;s:13:\\\"maxExceptions\\\";N;s:10:\\\"connection\\\";N;s:5:\\\"queue\\\";N;s:12:\\\"messageGroup\\\";N;s:12:\\\"deduplicator\\\";N;s:5:\\\"delay\\\";N;s:11:\\\"afterCommit\\\";N;s:10:\\\"middleware\\\";a:0:{}s:7:\\\"chained\\\";a:0:{}s:15:\\\"chainConnection\\\";N;s:10:\\\"chainQueue\\\";N;s:19:\\\"chainCatchCallbacks\\\";N;}\"},\"createdAt\":1761446137,\"delay\":null}', 0, NULL, 1761446137, 1761446137),
(15, 'default', '{\"uuid\":\"6803c083-2b2b-401a-8e44-dea181c36782\",\"displayName\":\"App\\\\Events\\\\BookingStatusUpdated\",\"job\":\"Illuminate\\\\Queue\\\\CallQueuedHandler@call\",\"maxTries\":null,\"maxExceptions\":null,\"failOnTimeout\":false,\"backoff\":null,\"timeout\":null,\"retryUntil\":null,\"data\":{\"commandName\":\"Illuminate\\\\Broadcasting\\\\BroadcastEvent\",\"command\":\"O:38:\\\"Illuminate\\\\Broadcasting\\\\BroadcastEvent\\\":16:{s:5:\\\"event\\\";O:31:\\\"App\\\\Events\\\\BookingStatusUpdated\\\":1:{s:7:\\\"booking\\\";O:45:\\\"Illuminate\\\\Contracts\\\\Database\\\\ModelIdentifier\\\":5:{s:5:\\\"class\\\";s:18:\\\"App\\\\Models\\\\Booking\\\";s:2:\\\"id\\\";i:16;s:9:\\\"relations\\\";a:0:{}s:10:\\\"connection\\\";s:5:\\\"mysql\\\";s:15:\\\"collectionClass\\\";N;}}s:5:\\\"tries\\\";N;s:7:\\\"timeout\\\";N;s:7:\\\"backoff\\\";N;s:13:\\\"maxExceptions\\\";N;s:10:\\\"connection\\\";N;s:5:\\\"queue\\\";N;s:12:\\\"messageGroup\\\";N;s:12:\\\"deduplicator\\\";N;s:5:\\\"delay\\\";N;s:11:\\\"afterCommit\\\";N;s:10:\\\"middleware\\\";a:0:{}s:7:\\\"chained\\\";a:0:{}s:15:\\\"chainConnection\\\";N;s:10:\\\"chainQueue\\\";N;s:19:\\\"chainCatchCallbacks\\\";N;}\"},\"createdAt\":1761446143,\"delay\":null}', 0, NULL, 1761446143, 1761446143),
(16, 'default', '{\"uuid\":\"da3fc6fe-3b3b-41c7-b2fd-eda54c9e3783\",\"displayName\":\"App\\\\Events\\\\BookingStatusUpdated\",\"job\":\"Illuminate\\\\Queue\\\\CallQueuedHandler@call\",\"maxTries\":null,\"maxExceptions\":null,\"failOnTimeout\":false,\"backoff\":null,\"timeout\":null,\"retryUntil\":null,\"data\":{\"commandName\":\"Illuminate\\\\Broadcasting\\\\BroadcastEvent\",\"command\":\"O:38:\\\"Illuminate\\\\Broadcasting\\\\BroadcastEvent\\\":16:{s:5:\\\"event\\\";O:31:\\\"App\\\\Events\\\\BookingStatusUpdated\\\":1:{s:7:\\\"booking\\\";O:45:\\\"Illuminate\\\\Contracts\\\\Database\\\\ModelIdentifier\\\":5:{s:5:\\\"class\\\";s:18:\\\"App\\\\Models\\\\Booking\\\";s:2:\\\"id\\\";i:15;s:9:\\\"relations\\\";a:0:{}s:10:\\\"connection\\\";s:5:\\\"mysql\\\";s:15:\\\"collectionClass\\\";N;}}s:5:\\\"tries\\\";N;s:7:\\\"timeout\\\";N;s:7:\\\"backoff\\\";N;s:13:\\\"maxExceptions\\\";N;s:10:\\\"connection\\\";N;s:5:\\\"queue\\\";N;s:12:\\\"messageGroup\\\";N;s:12:\\\"deduplicator\\\";N;s:5:\\\"delay\\\";N;s:11:\\\"afterCommit\\\";N;s:10:\\\"middleware\\\";a:0:{}s:7:\\\"chained\\\";a:0:{}s:15:\\\"chainConnection\\\";N;s:10:\\\"chainQueue\\\";N;s:19:\\\"chainCatchCallbacks\\\";N;}\"},\"createdAt\":1761446149,\"delay\":null}', 0, NULL, 1761446149, 1761446149),
(17, 'default', '{\"uuid\":\"a69e4944-f17e-4d27-860c-55c7a7bb5778\",\"displayName\":\"App\\\\Events\\\\BookingStatusUpdated\",\"job\":\"Illuminate\\\\Queue\\\\CallQueuedHandler@call\",\"maxTries\":null,\"maxExceptions\":null,\"failOnTimeout\":false,\"backoff\":null,\"timeout\":null,\"retryUntil\":null,\"data\":{\"commandName\":\"Illuminate\\\\Broadcasting\\\\BroadcastEvent\",\"command\":\"O:38:\\\"Illuminate\\\\Broadcasting\\\\BroadcastEvent\\\":16:{s:5:\\\"event\\\";O:31:\\\"App\\\\Events\\\\BookingStatusUpdated\\\":1:{s:7:\\\"booking\\\";O:45:\\\"Illuminate\\\\Contracts\\\\Database\\\\ModelIdentifier\\\":5:{s:5:\\\"class\\\";s:18:\\\"App\\\\Models\\\\Booking\\\";s:2:\\\"id\\\";i:16;s:9:\\\"relations\\\";a:0:{}s:10:\\\"connection\\\";s:5:\\\"mysql\\\";s:15:\\\"collectionClass\\\";N;}}s:5:\\\"tries\\\";N;s:7:\\\"timeout\\\";N;s:7:\\\"backoff\\\";N;s:13:\\\"maxExceptions\\\";N;s:10:\\\"connection\\\";N;s:5:\\\"queue\\\";N;s:12:\\\"messageGroup\\\";N;s:12:\\\"deduplicator\\\";N;s:5:\\\"delay\\\";N;s:11:\\\"afterCommit\\\";N;s:10:\\\"middleware\\\";a:0:{}s:7:\\\"chained\\\";a:0:{}s:15:\\\"chainConnection\\\";N;s:10:\\\"chainQueue\\\";N;s:19:\\\"chainCatchCallbacks\\\";N;}\"},\"createdAt\":1761446156,\"delay\":null}', 0, NULL, 1761446156, 1761446156),
(18, 'default', '{\"uuid\":\"51ece0f9-46cf-41d0-8ee6-b62d6ba4e8d3\",\"displayName\":\"App\\\\Events\\\\BookingStatusUpdated\",\"job\":\"Illuminate\\\\Queue\\\\CallQueuedHandler@call\",\"maxTries\":null,\"maxExceptions\":null,\"failOnTimeout\":false,\"backoff\":null,\"timeout\":null,\"retryUntil\":null,\"data\":{\"commandName\":\"Illuminate\\\\Broadcasting\\\\BroadcastEvent\",\"command\":\"O:38:\\\"Illuminate\\\\Broadcasting\\\\BroadcastEvent\\\":16:{s:5:\\\"event\\\";O:31:\\\"App\\\\Events\\\\BookingStatusUpdated\\\":1:{s:7:\\\"booking\\\";O:45:\\\"Illuminate\\\\Contracts\\\\Database\\\\ModelIdentifier\\\":5:{s:5:\\\"class\\\";s:18:\\\"App\\\\Models\\\\Booking\\\";s:2:\\\"id\\\";i:17;s:9:\\\"relations\\\";a:0:{}s:10:\\\"connection\\\";s:5:\\\"mysql\\\";s:15:\\\"collectionClass\\\";N;}}s:5:\\\"tries\\\";N;s:7:\\\"timeout\\\";N;s:7:\\\"backoff\\\";N;s:13:\\\"maxExceptions\\\";N;s:10:\\\"connection\\\";N;s:5:\\\"queue\\\";N;s:12:\\\"messageGroup\\\";N;s:12:\\\"deduplicator\\\";N;s:5:\\\"delay\\\";N;s:11:\\\"afterCommit\\\";N;s:10:\\\"middleware\\\";a:0:{}s:7:\\\"chained\\\";a:0:{}s:15:\\\"chainConnection\\\";N;s:10:\\\"chainQueue\\\";N;s:19:\\\"chainCatchCallbacks\\\";N;}\"},\"createdAt\":1761446557,\"delay\":null}', 0, NULL, 1761446557, 1761446557),
(19, 'default', '{\"uuid\":\"142e3201-e445-40c5-a740-6ff7a2c10946\",\"displayName\":\"App\\\\Events\\\\BookingStatusUpdated\",\"job\":\"Illuminate\\\\Queue\\\\CallQueuedHandler@call\",\"maxTries\":null,\"maxExceptions\":null,\"failOnTimeout\":false,\"backoff\":null,\"timeout\":null,\"retryUntil\":null,\"data\":{\"commandName\":\"Illuminate\\\\Broadcasting\\\\BroadcastEvent\",\"command\":\"O:38:\\\"Illuminate\\\\Broadcasting\\\\BroadcastEvent\\\":16:{s:5:\\\"event\\\";O:31:\\\"App\\\\Events\\\\BookingStatusUpdated\\\":1:{s:7:\\\"booking\\\";O:45:\\\"Illuminate\\\\Contracts\\\\Database\\\\ModelIdentifier\\\":5:{s:5:\\\"class\\\";s:18:\\\"App\\\\Models\\\\Booking\\\";s:2:\\\"id\\\";i:17;s:9:\\\"relations\\\";a:0:{}s:10:\\\"connection\\\";s:5:\\\"mysql\\\";s:15:\\\"collectionClass\\\";N;}}s:5:\\\"tries\\\";N;s:7:\\\"timeout\\\";N;s:7:\\\"backoff\\\";N;s:13:\\\"maxExceptions\\\";N;s:10:\\\"connection\\\";N;s:5:\\\"queue\\\";N;s:12:\\\"messageGroup\\\";N;s:12:\\\"deduplicator\\\";N;s:5:\\\"delay\\\";N;s:11:\\\"afterCommit\\\";N;s:10:\\\"middleware\\\";a:0:{}s:7:\\\"chained\\\";a:0:{}s:15:\\\"chainConnection\\\";N;s:10:\\\"chainQueue\\\";N;s:19:\\\"chainCatchCallbacks\\\";N;}\"},\"createdAt\":1761446563,\"delay\":null}', 0, NULL, 1761446563, 1761446563),
(20, 'default', '{\"uuid\":\"32999fb4-b213-4e88-b149-e5f8e2c0a915\",\"displayName\":\"App\\\\Events\\\\BookingStatusUpdated\",\"job\":\"Illuminate\\\\Queue\\\\CallQueuedHandler@call\",\"maxTries\":null,\"maxExceptions\":null,\"failOnTimeout\":false,\"backoff\":null,\"timeout\":null,\"retryUntil\":null,\"data\":{\"commandName\":\"Illuminate\\\\Broadcasting\\\\BroadcastEvent\",\"command\":\"O:38:\\\"Illuminate\\\\Broadcasting\\\\BroadcastEvent\\\":16:{s:5:\\\"event\\\";O:31:\\\"App\\\\Events\\\\BookingStatusUpdated\\\":1:{s:7:\\\"booking\\\";O:45:\\\"Illuminate\\\\Contracts\\\\Database\\\\ModelIdentifier\\\":5:{s:5:\\\"class\\\";s:18:\\\"App\\\\Models\\\\Booking\\\";s:2:\\\"id\\\";i:17;s:9:\\\"relations\\\";a:0:{}s:10:\\\"connection\\\";s:5:\\\"mysql\\\";s:15:\\\"collectionClass\\\";N;}}s:5:\\\"tries\\\";N;s:7:\\\"timeout\\\";N;s:7:\\\"backoff\\\";N;s:13:\\\"maxExceptions\\\";N;s:10:\\\"connection\\\";N;s:5:\\\"queue\\\";N;s:12:\\\"messageGroup\\\";N;s:12:\\\"deduplicator\\\";N;s:5:\\\"delay\\\";N;s:11:\\\"afterCommit\\\";N;s:10:\\\"middleware\\\";a:0:{}s:7:\\\"chained\\\";a:0:{}s:15:\\\"chainConnection\\\";N;s:10:\\\"chainQueue\\\";N;s:19:\\\"chainCatchCallbacks\\\";N;}\"},\"createdAt\":1761446568,\"delay\":null}', 0, NULL, 1761446568, 1761446568),
(21, 'default', '{\"uuid\":\"e24deb00-e46a-49e6-8731-eb4520b53df5\",\"displayName\":\"App\\\\Events\\\\BookingStatusUpdated\",\"job\":\"Illuminate\\\\Queue\\\\CallQueuedHandler@call\",\"maxTries\":null,\"maxExceptions\":null,\"failOnTimeout\":false,\"backoff\":null,\"timeout\":null,\"retryUntil\":null,\"data\":{\"commandName\":\"Illuminate\\\\Broadcasting\\\\BroadcastEvent\",\"command\":\"O:38:\\\"Illuminate\\\\Broadcasting\\\\BroadcastEvent\\\":16:{s:5:\\\"event\\\";O:31:\\\"App\\\\Events\\\\BookingStatusUpdated\\\":1:{s:7:\\\"booking\\\";O:45:\\\"Illuminate\\\\Contracts\\\\Database\\\\ModelIdentifier\\\":5:{s:5:\\\"class\\\";s:18:\\\"App\\\\Models\\\\Booking\\\";s:2:\\\"id\\\";i:18;s:9:\\\"relations\\\";a:0:{}s:10:\\\"connection\\\";s:5:\\\"mysql\\\";s:15:\\\"collectionClass\\\";N;}}s:5:\\\"tries\\\";N;s:7:\\\"timeout\\\";N;s:7:\\\"backoff\\\";N;s:13:\\\"maxExceptions\\\";N;s:10:\\\"connection\\\";N;s:5:\\\"queue\\\";N;s:12:\\\"messageGroup\\\";N;s:12:\\\"deduplicator\\\";N;s:5:\\\"delay\\\";N;s:11:\\\"afterCommit\\\";N;s:10:\\\"middleware\\\";a:0:{}s:7:\\\"chained\\\";a:0:{}s:15:\\\"chainConnection\\\";N;s:10:\\\"chainQueue\\\";N;s:19:\\\"chainCatchCallbacks\\\";N;}\"},\"createdAt\":1761450843,\"delay\":null}', 0, NULL, 1761450843, 1761450843),
(22, 'default', '{\"uuid\":\"562e23f8-be40-4b84-a699-63a76cc24df4\",\"displayName\":\"App\\\\Events\\\\BookingStatusUpdated\",\"job\":\"Illuminate\\\\Queue\\\\CallQueuedHandler@call\",\"maxTries\":null,\"maxExceptions\":null,\"failOnTimeout\":false,\"backoff\":null,\"timeout\":null,\"retryUntil\":null,\"data\":{\"commandName\":\"Illuminate\\\\Broadcasting\\\\BroadcastEvent\",\"command\":\"O:38:\\\"Illuminate\\\\Broadcasting\\\\BroadcastEvent\\\":16:{s:5:\\\"event\\\";O:31:\\\"App\\\\Events\\\\BookingStatusUpdated\\\":1:{s:7:\\\"booking\\\";O:45:\\\"Illuminate\\\\Contracts\\\\Database\\\\ModelIdentifier\\\":5:{s:5:\\\"class\\\";s:18:\\\"App\\\\Models\\\\Booking\\\";s:2:\\\"id\\\";i:18;s:9:\\\"relations\\\";a:0:{}s:10:\\\"connection\\\";s:5:\\\"mysql\\\";s:15:\\\"collectionClass\\\";N;}}s:5:\\\"tries\\\";N;s:7:\\\"timeout\\\";N;s:7:\\\"backoff\\\";N;s:13:\\\"maxExceptions\\\";N;s:10:\\\"connection\\\";N;s:5:\\\"queue\\\";N;s:12:\\\"messageGroup\\\";N;s:12:\\\"deduplicator\\\";N;s:5:\\\"delay\\\";N;s:11:\\\"afterCommit\\\";N;s:10:\\\"middleware\\\";a:0:{}s:7:\\\"chained\\\";a:0:{}s:15:\\\"chainConnection\\\";N;s:10:\\\"chainQueue\\\";N;s:19:\\\"chainCatchCallbacks\\\";N;}\"},\"createdAt\":1761451107,\"delay\":null}', 0, NULL, 1761451107, 1761451107),
(23, 'default', '{\"uuid\":\"254f39d1-f4e1-47a7-901f-b83d655ccf28\",\"displayName\":\"App\\\\Events\\\\BookingStatusUpdated\",\"job\":\"Illuminate\\\\Queue\\\\CallQueuedHandler@call\",\"maxTries\":null,\"maxExceptions\":null,\"failOnTimeout\":false,\"backoff\":null,\"timeout\":null,\"retryUntil\":null,\"data\":{\"commandName\":\"Illuminate\\\\Broadcasting\\\\BroadcastEvent\",\"command\":\"O:38:\\\"Illuminate\\\\Broadcasting\\\\BroadcastEvent\\\":16:{s:5:\\\"event\\\";O:31:\\\"App\\\\Events\\\\BookingStatusUpdated\\\":1:{s:7:\\\"booking\\\";O:45:\\\"Illuminate\\\\Contracts\\\\Database\\\\ModelIdentifier\\\":5:{s:5:\\\"class\\\";s:18:\\\"App\\\\Models\\\\Booking\\\";s:2:\\\"id\\\";i:18;s:9:\\\"relations\\\";a:0:{}s:10:\\\"connection\\\";s:5:\\\"mysql\\\";s:15:\\\"collectionClass\\\";N;}}s:5:\\\"tries\\\";N;s:7:\\\"timeout\\\";N;s:7:\\\"backoff\\\";N;s:13:\\\"maxExceptions\\\";N;s:10:\\\"connection\\\";N;s:5:\\\"queue\\\";N;s:12:\\\"messageGroup\\\";N;s:12:\\\"deduplicator\\\";N;s:5:\\\"delay\\\";N;s:11:\\\"afterCommit\\\";N;s:10:\\\"middleware\\\";a:0:{}s:7:\\\"chained\\\";a:0:{}s:15:\\\"chainConnection\\\";N;s:10:\\\"chainQueue\\\";N;s:19:\\\"chainCatchCallbacks\\\";N;}\"},\"createdAt\":1761451112,\"delay\":null}', 0, NULL, 1761451112, 1761451112),
(24, 'default', '{\"uuid\":\"f1379d1d-86f0-4cea-a1cb-0f894dc10ff5\",\"displayName\":\"App\\\\Events\\\\BookingStatusUpdated\",\"job\":\"Illuminate\\\\Queue\\\\CallQueuedHandler@call\",\"maxTries\":null,\"maxExceptions\":null,\"failOnTimeout\":false,\"backoff\":null,\"timeout\":null,\"retryUntil\":null,\"data\":{\"commandName\":\"Illuminate\\\\Broadcasting\\\\BroadcastEvent\",\"command\":\"O:38:\\\"Illuminate\\\\Broadcasting\\\\BroadcastEvent\\\":16:{s:5:\\\"event\\\";O:31:\\\"App\\\\Events\\\\BookingStatusUpdated\\\":1:{s:7:\\\"booking\\\";O:45:\\\"Illuminate\\\\Contracts\\\\Database\\\\ModelIdentifier\\\":5:{s:5:\\\"class\\\";s:18:\\\"App\\\\Models\\\\Booking\\\";s:2:\\\"id\\\";i:18;s:9:\\\"relations\\\";a:0:{}s:10:\\\"connection\\\";s:5:\\\"mysql\\\";s:15:\\\"collectionClass\\\";N;}}s:5:\\\"tries\\\";N;s:7:\\\"timeout\\\";N;s:7:\\\"backoff\\\";N;s:13:\\\"maxExceptions\\\";N;s:10:\\\"connection\\\";N;s:5:\\\"queue\\\";N;s:12:\\\"messageGroup\\\";N;s:12:\\\"deduplicator\\\";N;s:5:\\\"delay\\\";N;s:11:\\\"afterCommit\\\";N;s:10:\\\"middleware\\\";a:0:{}s:7:\\\"chained\\\";a:0:{}s:15:\\\"chainConnection\\\";N;s:10:\\\"chainQueue\\\";N;s:19:\\\"chainCatchCallbacks\\\";N;}\"},\"createdAt\":1761451117,\"delay\":null}', 0, NULL, 1761451117, 1761451117),
(25, 'default', '{\"uuid\":\"7543221a-6b0a-4826-be05-2d1b687585e5\",\"displayName\":\"App\\\\Events\\\\BookingStatusUpdated\",\"job\":\"Illuminate\\\\Queue\\\\CallQueuedHandler@call\",\"maxTries\":null,\"maxExceptions\":null,\"failOnTimeout\":false,\"backoff\":null,\"timeout\":null,\"retryUntil\":null,\"data\":{\"commandName\":\"Illuminate\\\\Broadcasting\\\\BroadcastEvent\",\"command\":\"O:38:\\\"Illuminate\\\\Broadcasting\\\\BroadcastEvent\\\":16:{s:5:\\\"event\\\";O:31:\\\"App\\\\Events\\\\BookingStatusUpdated\\\":1:{s:7:\\\"booking\\\";O:45:\\\"Illuminate\\\\Contracts\\\\Database\\\\ModelIdentifier\\\":5:{s:5:\\\"class\\\";s:18:\\\"App\\\\Models\\\\Booking\\\";s:2:\\\"id\\\";i:19;s:9:\\\"relations\\\";a:0:{}s:10:\\\"connection\\\";s:5:\\\"mysql\\\";s:15:\\\"collectionClass\\\";N;}}s:5:\\\"tries\\\";N;s:7:\\\"timeout\\\";N;s:7:\\\"backoff\\\";N;s:13:\\\"maxExceptions\\\";N;s:10:\\\"connection\\\";N;s:5:\\\"queue\\\";N;s:12:\\\"messageGroup\\\";N;s:12:\\\"deduplicator\\\";N;s:5:\\\"delay\\\";N;s:11:\\\"afterCommit\\\";N;s:10:\\\"middleware\\\";a:0:{}s:7:\\\"chained\\\";a:0:{}s:15:\\\"chainConnection\\\";N;s:10:\\\"chainQueue\\\";N;s:19:\\\"chainCatchCallbacks\\\";N;}\"},\"createdAt\":1761451469,\"delay\":null}', 0, NULL, 1761451469, 1761451469),
(26, 'default', '{\"uuid\":\"2b420b30-d05c-4f95-9b71-e166edda4593\",\"displayName\":\"App\\\\Events\\\\BookingStatusUpdated\",\"job\":\"Illuminate\\\\Queue\\\\CallQueuedHandler@call\",\"maxTries\":null,\"maxExceptions\":null,\"failOnTimeout\":false,\"backoff\":null,\"timeout\":null,\"retryUntil\":null,\"data\":{\"commandName\":\"Illuminate\\\\Broadcasting\\\\BroadcastEvent\",\"command\":\"O:38:\\\"Illuminate\\\\Broadcasting\\\\BroadcastEvent\\\":16:{s:5:\\\"event\\\";O:31:\\\"App\\\\Events\\\\BookingStatusUpdated\\\":1:{s:7:\\\"booking\\\";O:45:\\\"Illuminate\\\\Contracts\\\\Database\\\\ModelIdentifier\\\":5:{s:5:\\\"class\\\";s:18:\\\"App\\\\Models\\\\Booking\\\";s:2:\\\"id\\\";i:20;s:9:\\\"relations\\\";a:0:{}s:10:\\\"connection\\\";s:5:\\\"mysql\\\";s:15:\\\"collectionClass\\\";N;}}s:5:\\\"tries\\\";N;s:7:\\\"timeout\\\";N;s:7:\\\"backoff\\\";N;s:13:\\\"maxExceptions\\\";N;s:10:\\\"connection\\\";N;s:5:\\\"queue\\\";N;s:12:\\\"messageGroup\\\";N;s:12:\\\"deduplicator\\\";N;s:5:\\\"delay\\\";N;s:11:\\\"afterCommit\\\";N;s:10:\\\"middleware\\\";a:0:{}s:7:\\\"chained\\\";a:0:{}s:15:\\\"chainConnection\\\";N;s:10:\\\"chainQueue\\\";N;s:19:\\\"chainCatchCallbacks\\\";N;}\"},\"createdAt\":1761455349,\"delay\":null}', 0, NULL, 1761455349, 1761455349),
(27, 'default', '{\"uuid\":\"2687c257-c42e-412c-9d33-6c3b84af710f\",\"displayName\":\"App\\\\Events\\\\BookingStatusUpdated\",\"job\":\"Illuminate\\\\Queue\\\\CallQueuedHandler@call\",\"maxTries\":null,\"maxExceptions\":null,\"failOnTimeout\":false,\"backoff\":null,\"timeout\":null,\"retryUntil\":null,\"data\":{\"commandName\":\"Illuminate\\\\Broadcasting\\\\BroadcastEvent\",\"command\":\"O:38:\\\"Illuminate\\\\Broadcasting\\\\BroadcastEvent\\\":16:{s:5:\\\"event\\\";O:31:\\\"App\\\\Events\\\\BookingStatusUpdated\\\":1:{s:7:\\\"booking\\\";O:45:\\\"Illuminate\\\\Contracts\\\\Database\\\\ModelIdentifier\\\":5:{s:5:\\\"class\\\";s:18:\\\"App\\\\Models\\\\Booking\\\";s:2:\\\"id\\\";i:19;s:9:\\\"relations\\\";a:0:{}s:10:\\\"connection\\\";s:5:\\\"mysql\\\";s:15:\\\"collectionClass\\\";N;}}s:5:\\\"tries\\\";N;s:7:\\\"timeout\\\";N;s:7:\\\"backoff\\\";N;s:13:\\\"maxExceptions\\\";N;s:10:\\\"connection\\\";N;s:5:\\\"queue\\\";N;s:12:\\\"messageGroup\\\";N;s:12:\\\"deduplicator\\\";N;s:5:\\\"delay\\\";N;s:11:\\\"afterCommit\\\";N;s:10:\\\"middleware\\\";a:0:{}s:7:\\\"chained\\\";a:0:{}s:15:\\\"chainConnection\\\";N;s:10:\\\"chainQueue\\\";N;s:19:\\\"chainCatchCallbacks\\\";N;}\"},\"createdAt\":1761456581,\"delay\":null}', 0, NULL, 1761456581, 1761456581),
(28, 'default', '{\"uuid\":\"d578116f-3e2d-4765-a3ed-20cd93e3c5f7\",\"displayName\":\"App\\\\Events\\\\BookingStatusUpdated\",\"job\":\"Illuminate\\\\Queue\\\\CallQueuedHandler@call\",\"maxTries\":null,\"maxExceptions\":null,\"failOnTimeout\":false,\"backoff\":null,\"timeout\":null,\"retryUntil\":null,\"data\":{\"commandName\":\"Illuminate\\\\Broadcasting\\\\BroadcastEvent\",\"command\":\"O:38:\\\"Illuminate\\\\Broadcasting\\\\BroadcastEvent\\\":16:{s:5:\\\"event\\\";O:31:\\\"App\\\\Events\\\\BookingStatusUpdated\\\":1:{s:7:\\\"booking\\\";O:45:\\\"Illuminate\\\\Contracts\\\\Database\\\\ModelIdentifier\\\":5:{s:5:\\\"class\\\";s:18:\\\"App\\\\Models\\\\Booking\\\";s:2:\\\"id\\\";i:20;s:9:\\\"relations\\\";a:0:{}s:10:\\\"connection\\\";s:5:\\\"mysql\\\";s:15:\\\"collectionClass\\\";N;}}s:5:\\\"tries\\\";N;s:7:\\\"timeout\\\";N;s:7:\\\"backoff\\\";N;s:13:\\\"maxExceptions\\\";N;s:10:\\\"connection\\\";N;s:5:\\\"queue\\\";N;s:12:\\\"messageGroup\\\";N;s:12:\\\"deduplicator\\\";N;s:5:\\\"delay\\\";N;s:11:\\\"afterCommit\\\";N;s:10:\\\"middleware\\\";a:0:{}s:7:\\\"chained\\\";a:0:{}s:15:\\\"chainConnection\\\";N;s:10:\\\"chainQueue\\\";N;s:19:\\\"chainCatchCallbacks\\\";N;}\"},\"createdAt\":1761456617,\"delay\":null}', 0, NULL, 1761456617, 1761456617),
(29, 'default', '{\"uuid\":\"361a363c-df17-4ade-bc22-b829d871a887\",\"displayName\":\"App\\\\Events\\\\BookingStatusUpdated\",\"job\":\"Illuminate\\\\Queue\\\\CallQueuedHandler@call\",\"maxTries\":null,\"maxExceptions\":null,\"failOnTimeout\":false,\"backoff\":null,\"timeout\":null,\"retryUntil\":null,\"data\":{\"commandName\":\"Illuminate\\\\Broadcasting\\\\BroadcastEvent\",\"command\":\"O:38:\\\"Illuminate\\\\Broadcasting\\\\BroadcastEvent\\\":16:{s:5:\\\"event\\\";O:31:\\\"App\\\\Events\\\\BookingStatusUpdated\\\":1:{s:7:\\\"booking\\\";O:45:\\\"Illuminate\\\\Contracts\\\\Database\\\\ModelIdentifier\\\":5:{s:5:\\\"class\\\";s:18:\\\"App\\\\Models\\\\Booking\\\";s:2:\\\"id\\\";i:20;s:9:\\\"relations\\\";a:0:{}s:10:\\\"connection\\\";s:5:\\\"mysql\\\";s:15:\\\"collectionClass\\\";N;}}s:5:\\\"tries\\\";N;s:7:\\\"timeout\\\";N;s:7:\\\"backoff\\\";N;s:13:\\\"maxExceptions\\\";N;s:10:\\\"connection\\\";N;s:5:\\\"queue\\\";N;s:12:\\\"messageGroup\\\";N;s:12:\\\"deduplicator\\\";N;s:5:\\\"delay\\\";N;s:11:\\\"afterCommit\\\";N;s:10:\\\"middleware\\\";a:0:{}s:7:\\\"chained\\\";a:0:{}s:15:\\\"chainConnection\\\";N;s:10:\\\"chainQueue\\\";N;s:19:\\\"chainCatchCallbacks\\\";N;}\"},\"createdAt\":1761456626,\"delay\":null}', 0, NULL, 1761456626, 1761456626),
(30, 'default', '{\"uuid\":\"70cbca05-fb91-42de-8ebf-afc1946c26c0\",\"displayName\":\"App\\\\Events\\\\BookingStatusUpdated\",\"job\":\"Illuminate\\\\Queue\\\\CallQueuedHandler@call\",\"maxTries\":null,\"maxExceptions\":null,\"failOnTimeout\":false,\"backoff\":null,\"timeout\":null,\"retryUntil\":null,\"data\":{\"commandName\":\"Illuminate\\\\Broadcasting\\\\BroadcastEvent\",\"command\":\"O:38:\\\"Illuminate\\\\Broadcasting\\\\BroadcastEvent\\\":16:{s:5:\\\"event\\\";O:31:\\\"App\\\\Events\\\\BookingStatusUpdated\\\":1:{s:7:\\\"booking\\\";O:45:\\\"Illuminate\\\\Contracts\\\\Database\\\\ModelIdentifier\\\":5:{s:5:\\\"class\\\";s:18:\\\"App\\\\Models\\\\Booking\\\";s:2:\\\"id\\\";i:20;s:9:\\\"relations\\\";a:0:{}s:10:\\\"connection\\\";s:5:\\\"mysql\\\";s:15:\\\"collectionClass\\\";N;}}s:5:\\\"tries\\\";N;s:7:\\\"timeout\\\";N;s:7:\\\"backoff\\\";N;s:13:\\\"maxExceptions\\\";N;s:10:\\\"connection\\\";N;s:5:\\\"queue\\\";N;s:12:\\\"messageGroup\\\";N;s:12:\\\"deduplicator\\\";N;s:5:\\\"delay\\\";N;s:11:\\\"afterCommit\\\";N;s:10:\\\"middleware\\\";a:0:{}s:7:\\\"chained\\\";a:0:{}s:15:\\\"chainConnection\\\";N;s:10:\\\"chainQueue\\\";N;s:19:\\\"chainCatchCallbacks\\\";N;}\"},\"createdAt\":1761456631,\"delay\":null}', 0, NULL, 1761456631, 1761456631),
(31, 'default', '{\"uuid\":\"1ac475c0-2ee0-4413-9f30-f2e30975507a\",\"displayName\":\"App\\\\Events\\\\BookingStatusUpdated\",\"job\":\"Illuminate\\\\Queue\\\\CallQueuedHandler@call\",\"maxTries\":null,\"maxExceptions\":null,\"failOnTimeout\":false,\"backoff\":null,\"timeout\":null,\"retryUntil\":null,\"data\":{\"commandName\":\"Illuminate\\\\Broadcasting\\\\BroadcastEvent\",\"command\":\"O:38:\\\"Illuminate\\\\Broadcasting\\\\BroadcastEvent\\\":16:{s:5:\\\"event\\\";O:31:\\\"App\\\\Events\\\\BookingStatusUpdated\\\":1:{s:7:\\\"booking\\\";O:45:\\\"Illuminate\\\\Contracts\\\\Database\\\\ModelIdentifier\\\":5:{s:5:\\\"class\\\";s:18:\\\"App\\\\Models\\\\Booking\\\";s:2:\\\"id\\\";i:21;s:9:\\\"relations\\\";a:0:{}s:10:\\\"connection\\\";s:5:\\\"mysql\\\";s:15:\\\"collectionClass\\\";N;}}s:5:\\\"tries\\\";N;s:7:\\\"timeout\\\";N;s:7:\\\"backoff\\\";N;s:13:\\\"maxExceptions\\\";N;s:10:\\\"connection\\\";N;s:5:\\\"queue\\\";N;s:12:\\\"messageGroup\\\";N;s:12:\\\"deduplicator\\\";N;s:5:\\\"delay\\\";N;s:11:\\\"afterCommit\\\";N;s:10:\\\"middleware\\\";a:0:{}s:7:\\\"chained\\\";a:0:{}s:15:\\\"chainConnection\\\";N;s:10:\\\"chainQueue\\\";N;s:19:\\\"chainCatchCallbacks\\\";N;}\"},\"createdAt\":1761459907,\"delay\":null}', 0, NULL, 1761459907, 1761459907),
(32, 'default', '{\"uuid\":\"042e0bcc-37e9-4ecd-89df-6fbcf83e306f\",\"displayName\":\"App\\\\Events\\\\BookingStatusUpdated\",\"job\":\"Illuminate\\\\Queue\\\\CallQueuedHandler@call\",\"maxTries\":null,\"maxExceptions\":null,\"failOnTimeout\":false,\"backoff\":null,\"timeout\":null,\"retryUntil\":null,\"data\":{\"commandName\":\"Illuminate\\\\Broadcasting\\\\BroadcastEvent\",\"command\":\"O:38:\\\"Illuminate\\\\Broadcasting\\\\BroadcastEvent\\\":16:{s:5:\\\"event\\\";O:31:\\\"App\\\\Events\\\\BookingStatusUpdated\\\":1:{s:7:\\\"booking\\\";O:45:\\\"Illuminate\\\\Contracts\\\\Database\\\\ModelIdentifier\\\":5:{s:5:\\\"class\\\";s:18:\\\"App\\\\Models\\\\Booking\\\";s:2:\\\"id\\\";i:21;s:9:\\\"relations\\\";a:0:{}s:10:\\\"connection\\\";s:5:\\\"mysql\\\";s:15:\\\"collectionClass\\\";N;}}s:5:\\\"tries\\\";N;s:7:\\\"timeout\\\";N;s:7:\\\"backoff\\\";N;s:13:\\\"maxExceptions\\\";N;s:10:\\\"connection\\\";N;s:5:\\\"queue\\\";N;s:12:\\\"messageGroup\\\";N;s:12:\\\"deduplicator\\\";N;s:5:\\\"delay\\\";N;s:11:\\\"afterCommit\\\";N;s:10:\\\"middleware\\\";a:0:{}s:7:\\\"chained\\\";a:0:{}s:15:\\\"chainConnection\\\";N;s:10:\\\"chainQueue\\\";N;s:19:\\\"chainCatchCallbacks\\\";N;}\"},\"createdAt\":1761459912,\"delay\":null}', 0, NULL, 1761459912, 1761459912),
(33, 'default', '{\"uuid\":\"0050dc5b-7622-4385-a716-33a5738b9f99\",\"displayName\":\"App\\\\Events\\\\BookingStatusUpdated\",\"job\":\"Illuminate\\\\Queue\\\\CallQueuedHandler@call\",\"maxTries\":null,\"maxExceptions\":null,\"failOnTimeout\":false,\"backoff\":null,\"timeout\":null,\"retryUntil\":null,\"data\":{\"commandName\":\"Illuminate\\\\Broadcasting\\\\BroadcastEvent\",\"command\":\"O:38:\\\"Illuminate\\\\Broadcasting\\\\BroadcastEvent\\\":16:{s:5:\\\"event\\\";O:31:\\\"App\\\\Events\\\\BookingStatusUpdated\\\":1:{s:7:\\\"booking\\\";O:45:\\\"Illuminate\\\\Contracts\\\\Database\\\\ModelIdentifier\\\":5:{s:5:\\\"class\\\";s:18:\\\"App\\\\Models\\\\Booking\\\";s:2:\\\"id\\\";i:21;s:9:\\\"relations\\\";a:0:{}s:10:\\\"connection\\\";s:5:\\\"mysql\\\";s:15:\\\"collectionClass\\\";N;}}s:5:\\\"tries\\\";N;s:7:\\\"timeout\\\";N;s:7:\\\"backoff\\\";N;s:13:\\\"maxExceptions\\\";N;s:10:\\\"connection\\\";N;s:5:\\\"queue\\\";N;s:12:\\\"messageGroup\\\";N;s:12:\\\"deduplicator\\\";N;s:5:\\\"delay\\\";N;s:11:\\\"afterCommit\\\";N;s:10:\\\"middleware\\\";a:0:{}s:7:\\\"chained\\\";a:0:{}s:15:\\\"chainConnection\\\";N;s:10:\\\"chainQueue\\\";N;s:19:\\\"chainCatchCallbacks\\\";N;}\"},\"createdAt\":1761459917,\"delay\":null}', 0, NULL, 1761459917, 1761459917),
(34, 'default', '{\"uuid\":\"71053d9c-1178-4294-8e63-e9cd888899df\",\"displayName\":\"App\\\\Events\\\\BookingStatusUpdated\",\"job\":\"Illuminate\\\\Queue\\\\CallQueuedHandler@call\",\"maxTries\":null,\"maxExceptions\":null,\"failOnTimeout\":false,\"backoff\":null,\"timeout\":null,\"retryUntil\":null,\"data\":{\"commandName\":\"Illuminate\\\\Broadcasting\\\\BroadcastEvent\",\"command\":\"O:38:\\\"Illuminate\\\\Broadcasting\\\\BroadcastEvent\\\":16:{s:5:\\\"event\\\";O:31:\\\"App\\\\Events\\\\BookingStatusUpdated\\\":1:{s:7:\\\"booking\\\";O:45:\\\"Illuminate\\\\Contracts\\\\Database\\\\ModelIdentifier\\\":5:{s:5:\\\"class\\\";s:18:\\\"App\\\\Models\\\\Booking\\\";s:2:\\\"id\\\";i:22;s:9:\\\"relations\\\";a:0:{}s:10:\\\"connection\\\";s:5:\\\"mysql\\\";s:15:\\\"collectionClass\\\";N;}}s:5:\\\"tries\\\";N;s:7:\\\"timeout\\\";N;s:7:\\\"backoff\\\";N;s:13:\\\"maxExceptions\\\";N;s:10:\\\"connection\\\";N;s:5:\\\"queue\\\";N;s:12:\\\"messageGroup\\\";N;s:12:\\\"deduplicator\\\";N;s:5:\\\"delay\\\";N;s:11:\\\"afterCommit\\\";N;s:10:\\\"middleware\\\";a:0:{}s:7:\\\"chained\\\";a:0:{}s:15:\\\"chainConnection\\\";N;s:10:\\\"chainQueue\\\";N;s:19:\\\"chainCatchCallbacks\\\";N;}\"},\"createdAt\":1761474013,\"delay\":null}', 0, NULL, 1761474013, 1761474013),
(35, 'default', '{\"uuid\":\"fddd4fe8-bfe9-4c12-9a62-5a56d738ddac\",\"displayName\":\"App\\\\Events\\\\BookingStatusUpdated\",\"job\":\"Illuminate\\\\Queue\\\\CallQueuedHandler@call\",\"maxTries\":null,\"maxExceptions\":null,\"failOnTimeout\":false,\"backoff\":null,\"timeout\":null,\"retryUntil\":null,\"data\":{\"commandName\":\"Illuminate\\\\Broadcasting\\\\BroadcastEvent\",\"command\":\"O:38:\\\"Illuminate\\\\Broadcasting\\\\BroadcastEvent\\\":16:{s:5:\\\"event\\\";O:31:\\\"App\\\\Events\\\\BookingStatusUpdated\\\":1:{s:7:\\\"booking\\\";O:45:\\\"Illuminate\\\\Contracts\\\\Database\\\\ModelIdentifier\\\":5:{s:5:\\\"class\\\";s:18:\\\"App\\\\Models\\\\Booking\\\";s:2:\\\"id\\\";i:23;s:9:\\\"relations\\\";a:0:{}s:10:\\\"connection\\\";s:5:\\\"mysql\\\";s:15:\\\"collectionClass\\\";N;}}s:5:\\\"tries\\\";N;s:7:\\\"timeout\\\";N;s:7:\\\"backoff\\\";N;s:13:\\\"maxExceptions\\\";N;s:10:\\\"connection\\\";N;s:5:\\\"queue\\\";N;s:12:\\\"messageGroup\\\";N;s:12:\\\"deduplicator\\\";N;s:5:\\\"delay\\\";N;s:11:\\\"afterCommit\\\";N;s:10:\\\"middleware\\\";a:0:{}s:7:\\\"chained\\\";a:0:{}s:15:\\\"chainConnection\\\";N;s:10:\\\"chainQueue\\\";N;s:19:\\\"chainCatchCallbacks\\\";N;}\"},\"createdAt\":1761474423,\"delay\":null}', 0, NULL, 1761474423, 1761474423),
(36, 'default', '{\"uuid\":\"db1ae35d-155f-4bed-89be-89e748a233f9\",\"displayName\":\"App\\\\Events\\\\BookingStatusUpdated\",\"job\":\"Illuminate\\\\Queue\\\\CallQueuedHandler@call\",\"maxTries\":null,\"maxExceptions\":null,\"failOnTimeout\":false,\"backoff\":null,\"timeout\":null,\"retryUntil\":null,\"data\":{\"commandName\":\"Illuminate\\\\Broadcasting\\\\BroadcastEvent\",\"command\":\"O:38:\\\"Illuminate\\\\Broadcasting\\\\BroadcastEvent\\\":16:{s:5:\\\"event\\\";O:31:\\\"App\\\\Events\\\\BookingStatusUpdated\\\":1:{s:7:\\\"booking\\\";O:45:\\\"Illuminate\\\\Contracts\\\\Database\\\\ModelIdentifier\\\":5:{s:5:\\\"class\\\";s:18:\\\"App\\\\Models\\\\Booking\\\";s:2:\\\"id\\\";i:23;s:9:\\\"relations\\\";a:0:{}s:10:\\\"connection\\\";s:5:\\\"mysql\\\";s:15:\\\"collectionClass\\\";N;}}s:5:\\\"tries\\\";N;s:7:\\\"timeout\\\";N;s:7:\\\"backoff\\\";N;s:13:\\\"maxExceptions\\\";N;s:10:\\\"connection\\\";N;s:5:\\\"queue\\\";N;s:12:\\\"messageGroup\\\";N;s:12:\\\"deduplicator\\\";N;s:5:\\\"delay\\\";N;s:11:\\\"afterCommit\\\";N;s:10:\\\"middleware\\\";a:0:{}s:7:\\\"chained\\\";a:0:{}s:15:\\\"chainConnection\\\";N;s:10:\\\"chainQueue\\\";N;s:19:\\\"chainCatchCallbacks\\\";N;}\"},\"createdAt\":1761474548,\"delay\":null}', 0, NULL, 1761474548, 1761474548),
(37, 'default', '{\"uuid\":\"e17f1cd7-a065-4eb6-9e3c-adfaa796ebaa\",\"displayName\":\"App\\\\Events\\\\BookingStatusUpdated\",\"job\":\"Illuminate\\\\Queue\\\\CallQueuedHandler@call\",\"maxTries\":null,\"maxExceptions\":null,\"failOnTimeout\":false,\"backoff\":null,\"timeout\":null,\"retryUntil\":null,\"data\":{\"commandName\":\"Illuminate\\\\Broadcasting\\\\BroadcastEvent\",\"command\":\"O:38:\\\"Illuminate\\\\Broadcasting\\\\BroadcastEvent\\\":16:{s:5:\\\"event\\\";O:31:\\\"App\\\\Events\\\\BookingStatusUpdated\\\":1:{s:7:\\\"booking\\\";O:45:\\\"Illuminate\\\\Contracts\\\\Database\\\\ModelIdentifier\\\":5:{s:5:\\\"class\\\";s:18:\\\"App\\\\Models\\\\Booking\\\";s:2:\\\"id\\\";i:23;s:9:\\\"relations\\\";a:0:{}s:10:\\\"connection\\\";s:5:\\\"mysql\\\";s:15:\\\"collectionClass\\\";N;}}s:5:\\\"tries\\\";N;s:7:\\\"timeout\\\";N;s:7:\\\"backoff\\\";N;s:13:\\\"maxExceptions\\\";N;s:10:\\\"connection\\\";N;s:5:\\\"queue\\\";N;s:12:\\\"messageGroup\\\";N;s:12:\\\"deduplicator\\\";N;s:5:\\\"delay\\\";N;s:11:\\\"afterCommit\\\";N;s:10:\\\"middleware\\\";a:0:{}s:7:\\\"chained\\\";a:0:{}s:15:\\\"chainConnection\\\";N;s:10:\\\"chainQueue\\\";N;s:19:\\\"chainCatchCallbacks\\\";N;}\"},\"createdAt\":1761474560,\"delay\":null}', 0, NULL, 1761474560, 1761474560),
(38, 'default', '{\"uuid\":\"a1a19fe3-482f-4e45-979e-ea4f462c29e3\",\"displayName\":\"App\\\\Events\\\\BookingStatusUpdated\",\"job\":\"Illuminate\\\\Queue\\\\CallQueuedHandler@call\",\"maxTries\":null,\"maxExceptions\":null,\"failOnTimeout\":false,\"backoff\":null,\"timeout\":null,\"retryUntil\":null,\"data\":{\"commandName\":\"Illuminate\\\\Broadcasting\\\\BroadcastEvent\",\"command\":\"O:38:\\\"Illuminate\\\\Broadcasting\\\\BroadcastEvent\\\":16:{s:5:\\\"event\\\";O:31:\\\"App\\\\Events\\\\BookingStatusUpdated\\\":1:{s:7:\\\"booking\\\";O:45:\\\"Illuminate\\\\Contracts\\\\Database\\\\ModelIdentifier\\\":5:{s:5:\\\"class\\\";s:18:\\\"App\\\\Models\\\\Booking\\\";s:2:\\\"id\\\";i:23;s:9:\\\"relations\\\";a:0:{}s:10:\\\"connection\\\";s:5:\\\"mysql\\\";s:15:\\\"collectionClass\\\";N;}}s:5:\\\"tries\\\";N;s:7:\\\"timeout\\\";N;s:7:\\\"backoff\\\";N;s:13:\\\"maxExceptions\\\";N;s:10:\\\"connection\\\";N;s:5:\\\"queue\\\";N;s:12:\\\"messageGroup\\\";N;s:12:\\\"deduplicator\\\";N;s:5:\\\"delay\\\";N;s:11:\\\"afterCommit\\\";N;s:10:\\\"middleware\\\";a:0:{}s:7:\\\"chained\\\";a:0:{}s:15:\\\"chainConnection\\\";N;s:10:\\\"chainQueue\\\";N;s:19:\\\"chainCatchCallbacks\\\";N;}\"},\"createdAt\":1761474568,\"delay\":null}', 0, NULL, 1761474568, 1761474568),
(39, 'default', '{\"uuid\":\"e74cfe5f-0c4c-4c79-9d6a-40e56db3a399\",\"displayName\":\"App\\\\Events\\\\BookingStatusUpdated\",\"job\":\"Illuminate\\\\Queue\\\\CallQueuedHandler@call\",\"maxTries\":null,\"maxExceptions\":null,\"failOnTimeout\":false,\"backoff\":null,\"timeout\":null,\"retryUntil\":null,\"data\":{\"commandName\":\"Illuminate\\\\Broadcasting\\\\BroadcastEvent\",\"command\":\"O:38:\\\"Illuminate\\\\Broadcasting\\\\BroadcastEvent\\\":16:{s:5:\\\"event\\\";O:31:\\\"App\\\\Events\\\\BookingStatusUpdated\\\":1:{s:7:\\\"booking\\\";O:45:\\\"Illuminate\\\\Contracts\\\\Database\\\\ModelIdentifier\\\":5:{s:5:\\\"class\\\";s:18:\\\"App\\\\Models\\\\Booking\\\";s:2:\\\"id\\\";i:24;s:9:\\\"relations\\\";a:0:{}s:10:\\\"connection\\\";s:5:\\\"mysql\\\";s:15:\\\"collectionClass\\\";N;}}s:5:\\\"tries\\\";N;s:7:\\\"timeout\\\";N;s:7:\\\"backoff\\\";N;s:13:\\\"maxExceptions\\\";N;s:10:\\\"connection\\\";N;s:5:\\\"queue\\\";N;s:12:\\\"messageGroup\\\";N;s:12:\\\"deduplicator\\\";N;s:5:\\\"delay\\\";N;s:11:\\\"afterCommit\\\";N;s:10:\\\"middleware\\\";a:0:{}s:7:\\\"chained\\\";a:0:{}s:15:\\\"chainConnection\\\";N;s:10:\\\"chainQueue\\\";N;s:19:\\\"chainCatchCallbacks\\\";N;}\"},\"createdAt\":1761481667,\"delay\":null}', 0, NULL, 1761481668, 1761481668);
INSERT INTO `jobs` (`id`, `queue`, `payload`, `attempts`, `reserved_at`, `available_at`, `created_at`) VALUES
(40, 'default', '{\"uuid\":\"929d1d86-6804-4679-895a-e50bc04002b6\",\"displayName\":\"App\\\\Events\\\\BookingStatusUpdated\",\"job\":\"Illuminate\\\\Queue\\\\CallQueuedHandler@call\",\"maxTries\":null,\"maxExceptions\":null,\"failOnTimeout\":false,\"backoff\":null,\"timeout\":null,\"retryUntil\":null,\"data\":{\"commandName\":\"Illuminate\\\\Broadcasting\\\\BroadcastEvent\",\"command\":\"O:38:\\\"Illuminate\\\\Broadcasting\\\\BroadcastEvent\\\":16:{s:5:\\\"event\\\";O:31:\\\"App\\\\Events\\\\BookingStatusUpdated\\\":1:{s:7:\\\"booking\\\";O:45:\\\"Illuminate\\\\Contracts\\\\Database\\\\ModelIdentifier\\\":5:{s:5:\\\"class\\\";s:18:\\\"App\\\\Models\\\\Booking\\\";s:2:\\\"id\\\";i:24;s:9:\\\"relations\\\";a:0:{}s:10:\\\"connection\\\";s:5:\\\"mysql\\\";s:15:\\\"collectionClass\\\";N;}}s:5:\\\"tries\\\";N;s:7:\\\"timeout\\\";N;s:7:\\\"backoff\\\";N;s:13:\\\"maxExceptions\\\";N;s:10:\\\"connection\\\";N;s:5:\\\"queue\\\";N;s:12:\\\"messageGroup\\\";N;s:12:\\\"deduplicator\\\";N;s:5:\\\"delay\\\";N;s:11:\\\"afterCommit\\\";N;s:10:\\\"middleware\\\";a:0:{}s:7:\\\"chained\\\";a:0:{}s:15:\\\"chainConnection\\\";N;s:10:\\\"chainQueue\\\";N;s:19:\\\"chainCatchCallbacks\\\";N;}\"},\"createdAt\":1761481856,\"delay\":null}', 0, NULL, 1761481856, 1761481856),
(41, 'default', '{\"uuid\":\"c84b355d-3c77-4a72-836e-edbd0a7738d5\",\"displayName\":\"App\\\\Events\\\\BookingStatusUpdated\",\"job\":\"Illuminate\\\\Queue\\\\CallQueuedHandler@call\",\"maxTries\":null,\"maxExceptions\":null,\"failOnTimeout\":false,\"backoff\":null,\"timeout\":null,\"retryUntil\":null,\"data\":{\"commandName\":\"Illuminate\\\\Broadcasting\\\\BroadcastEvent\",\"command\":\"O:38:\\\"Illuminate\\\\Broadcasting\\\\BroadcastEvent\\\":16:{s:5:\\\"event\\\";O:31:\\\"App\\\\Events\\\\BookingStatusUpdated\\\":1:{s:7:\\\"booking\\\";O:45:\\\"Illuminate\\\\Contracts\\\\Database\\\\ModelIdentifier\\\":5:{s:5:\\\"class\\\";s:18:\\\"App\\\\Models\\\\Booking\\\";s:2:\\\"id\\\";i:24;s:9:\\\"relations\\\";a:0:{}s:10:\\\"connection\\\";s:5:\\\"mysql\\\";s:15:\\\"collectionClass\\\";N;}}s:5:\\\"tries\\\";N;s:7:\\\"timeout\\\";N;s:7:\\\"backoff\\\";N;s:13:\\\"maxExceptions\\\";N;s:10:\\\"connection\\\";N;s:5:\\\"queue\\\";N;s:12:\\\"messageGroup\\\";N;s:12:\\\"deduplicator\\\";N;s:5:\\\"delay\\\";N;s:11:\\\"afterCommit\\\";N;s:10:\\\"middleware\\\";a:0:{}s:7:\\\"chained\\\";a:0:{}s:15:\\\"chainConnection\\\";N;s:10:\\\"chainQueue\\\";N;s:19:\\\"chainCatchCallbacks\\\";N;}\"},\"createdAt\":1761482019,\"delay\":null}', 0, NULL, 1761482019, 1761482019),
(42, 'default', '{\"uuid\":\"7f410ed6-8fdf-4dec-a94e-12da518714a5\",\"displayName\":\"App\\\\Events\\\\BookingStatusUpdated\",\"job\":\"Illuminate\\\\Queue\\\\CallQueuedHandler@call\",\"maxTries\":null,\"maxExceptions\":null,\"failOnTimeout\":false,\"backoff\":null,\"timeout\":null,\"retryUntil\":null,\"data\":{\"commandName\":\"Illuminate\\\\Broadcasting\\\\BroadcastEvent\",\"command\":\"O:38:\\\"Illuminate\\\\Broadcasting\\\\BroadcastEvent\\\":16:{s:5:\\\"event\\\";O:31:\\\"App\\\\Events\\\\BookingStatusUpdated\\\":1:{s:7:\\\"booking\\\";O:45:\\\"Illuminate\\\\Contracts\\\\Database\\\\ModelIdentifier\\\":5:{s:5:\\\"class\\\";s:18:\\\"App\\\\Models\\\\Booking\\\";s:2:\\\"id\\\";i:24;s:9:\\\"relations\\\";a:0:{}s:10:\\\"connection\\\";s:5:\\\"mysql\\\";s:15:\\\"collectionClass\\\";N;}}s:5:\\\"tries\\\";N;s:7:\\\"timeout\\\";N;s:7:\\\"backoff\\\";N;s:13:\\\"maxExceptions\\\";N;s:10:\\\"connection\\\";N;s:5:\\\"queue\\\";N;s:12:\\\"messageGroup\\\";N;s:12:\\\"deduplicator\\\";N;s:5:\\\"delay\\\";N;s:11:\\\"afterCommit\\\";N;s:10:\\\"middleware\\\";a:0:{}s:7:\\\"chained\\\";a:0:{}s:15:\\\"chainConnection\\\";N;s:10:\\\"chainQueue\\\";N;s:19:\\\"chainCatchCallbacks\\\";N;}\"},\"createdAt\":1761482026,\"delay\":null}', 0, NULL, 1761482026, 1761482026),
(43, 'default', '{\"uuid\":\"9d83507e-f91b-4045-945e-5dd11cbf5afe\",\"displayName\":\"App\\\\Events\\\\BookingStatusUpdated\",\"job\":\"Illuminate\\\\Queue\\\\CallQueuedHandler@call\",\"maxTries\":null,\"maxExceptions\":null,\"failOnTimeout\":false,\"backoff\":null,\"timeout\":null,\"retryUntil\":null,\"data\":{\"commandName\":\"Illuminate\\\\Broadcasting\\\\BroadcastEvent\",\"command\":\"O:38:\\\"Illuminate\\\\Broadcasting\\\\BroadcastEvent\\\":16:{s:5:\\\"event\\\";O:31:\\\"App\\\\Events\\\\BookingStatusUpdated\\\":1:{s:7:\\\"booking\\\";O:45:\\\"Illuminate\\\\Contracts\\\\Database\\\\ModelIdentifier\\\":5:{s:5:\\\"class\\\";s:18:\\\"App\\\\Models\\\\Booking\\\";s:2:\\\"id\\\";i:25;s:9:\\\"relations\\\";a:0:{}s:10:\\\"connection\\\";s:5:\\\"mysql\\\";s:15:\\\"collectionClass\\\";N;}}s:5:\\\"tries\\\";N;s:7:\\\"timeout\\\";N;s:7:\\\"backoff\\\";N;s:13:\\\"maxExceptions\\\";N;s:10:\\\"connection\\\";N;s:5:\\\"queue\\\";N;s:12:\\\"messageGroup\\\";N;s:12:\\\"deduplicator\\\";N;s:5:\\\"delay\\\";N;s:11:\\\"afterCommit\\\";N;s:10:\\\"middleware\\\";a:0:{}s:7:\\\"chained\\\";a:0:{}s:15:\\\"chainConnection\\\";N;s:10:\\\"chainQueue\\\";N;s:19:\\\"chainCatchCallbacks\\\";N;}\"},\"createdAt\":1761535279,\"delay\":null}', 0, NULL, 1761535279, 1761535279),
(44, 'default', '{\"uuid\":\"1382e8a8-d5df-4ab8-94bf-8fac1fc38bb7\",\"displayName\":\"App\\\\Events\\\\BookingStatusUpdated\",\"job\":\"Illuminate\\\\Queue\\\\CallQueuedHandler@call\",\"maxTries\":null,\"maxExceptions\":null,\"failOnTimeout\":false,\"backoff\":null,\"timeout\":null,\"retryUntil\":null,\"data\":{\"commandName\":\"Illuminate\\\\Broadcasting\\\\BroadcastEvent\",\"command\":\"O:38:\\\"Illuminate\\\\Broadcasting\\\\BroadcastEvent\\\":16:{s:5:\\\"event\\\";O:31:\\\"App\\\\Events\\\\BookingStatusUpdated\\\":1:{s:7:\\\"booking\\\";O:45:\\\"Illuminate\\\\Contracts\\\\Database\\\\ModelIdentifier\\\":5:{s:5:\\\"class\\\";s:18:\\\"App\\\\Models\\\\Booking\\\";s:2:\\\"id\\\";i:25;s:9:\\\"relations\\\";a:0:{}s:10:\\\"connection\\\";s:5:\\\"mysql\\\";s:15:\\\"collectionClass\\\";N;}}s:5:\\\"tries\\\";N;s:7:\\\"timeout\\\";N;s:7:\\\"backoff\\\";N;s:13:\\\"maxExceptions\\\";N;s:10:\\\"connection\\\";N;s:5:\\\"queue\\\";N;s:12:\\\"messageGroup\\\";N;s:12:\\\"deduplicator\\\";N;s:5:\\\"delay\\\";N;s:11:\\\"afterCommit\\\";N;s:10:\\\"middleware\\\";a:0:{}s:7:\\\"chained\\\";a:0:{}s:15:\\\"chainConnection\\\";N;s:10:\\\"chainQueue\\\";N;s:19:\\\"chainCatchCallbacks\\\";N;}\"},\"createdAt\":1761535408,\"delay\":null}', 0, NULL, 1761535408, 1761535408),
(45, 'default', '{\"uuid\":\"405650b2-4d15-4698-a531-d1e8fdd53ce8\",\"displayName\":\"App\\\\Events\\\\BookingStatusUpdated\",\"job\":\"Illuminate\\\\Queue\\\\CallQueuedHandler@call\",\"maxTries\":null,\"maxExceptions\":null,\"failOnTimeout\":false,\"backoff\":null,\"timeout\":null,\"retryUntil\":null,\"data\":{\"commandName\":\"Illuminate\\\\Broadcasting\\\\BroadcastEvent\",\"command\":\"O:38:\\\"Illuminate\\\\Broadcasting\\\\BroadcastEvent\\\":16:{s:5:\\\"event\\\";O:31:\\\"App\\\\Events\\\\BookingStatusUpdated\\\":1:{s:7:\\\"booking\\\";O:45:\\\"Illuminate\\\\Contracts\\\\Database\\\\ModelIdentifier\\\":5:{s:5:\\\"class\\\";s:18:\\\"App\\\\Models\\\\Booking\\\";s:2:\\\"id\\\";i:26;s:9:\\\"relations\\\";a:0:{}s:10:\\\"connection\\\";s:5:\\\"mysql\\\";s:15:\\\"collectionClass\\\";N;}}s:5:\\\"tries\\\";N;s:7:\\\"timeout\\\";N;s:7:\\\"backoff\\\";N;s:13:\\\"maxExceptions\\\";N;s:10:\\\"connection\\\";N;s:5:\\\"queue\\\";N;s:12:\\\"messageGroup\\\";N;s:12:\\\"deduplicator\\\";N;s:5:\\\"delay\\\";N;s:11:\\\"afterCommit\\\";N;s:10:\\\"middleware\\\";a:0:{}s:7:\\\"chained\\\";a:0:{}s:15:\\\"chainConnection\\\";N;s:10:\\\"chainQueue\\\";N;s:19:\\\"chainCatchCallbacks\\\";N;}\"},\"createdAt\":1761535463,\"delay\":null}', 0, NULL, 1761535463, 1761535463),
(46, 'default', '{\"uuid\":\"2364f149-e9d9-495b-b09e-8f4f106bf1f8\",\"displayName\":\"App\\\\Events\\\\BookingStatusUpdated\",\"job\":\"Illuminate\\\\Queue\\\\CallQueuedHandler@call\",\"maxTries\":null,\"maxExceptions\":null,\"failOnTimeout\":false,\"backoff\":null,\"timeout\":null,\"retryUntil\":null,\"data\":{\"commandName\":\"Illuminate\\\\Broadcasting\\\\BroadcastEvent\",\"command\":\"O:38:\\\"Illuminate\\\\Broadcasting\\\\BroadcastEvent\\\":16:{s:5:\\\"event\\\";O:31:\\\"App\\\\Events\\\\BookingStatusUpdated\\\":1:{s:7:\\\"booking\\\";O:45:\\\"Illuminate\\\\Contracts\\\\Database\\\\ModelIdentifier\\\":5:{s:5:\\\"class\\\";s:18:\\\"App\\\\Models\\\\Booking\\\";s:2:\\\"id\\\";i:26;s:9:\\\"relations\\\";a:0:{}s:10:\\\"connection\\\";s:5:\\\"mysql\\\";s:15:\\\"collectionClass\\\";N;}}s:5:\\\"tries\\\";N;s:7:\\\"timeout\\\";N;s:7:\\\"backoff\\\";N;s:13:\\\"maxExceptions\\\";N;s:10:\\\"connection\\\";N;s:5:\\\"queue\\\";N;s:12:\\\"messageGroup\\\";N;s:12:\\\"deduplicator\\\";N;s:5:\\\"delay\\\";N;s:11:\\\"afterCommit\\\";N;s:10:\\\"middleware\\\";a:0:{}s:7:\\\"chained\\\";a:0:{}s:15:\\\"chainConnection\\\";N;s:10:\\\"chainQueue\\\";N;s:19:\\\"chainCatchCallbacks\\\";N;}\"},\"createdAt\":1761535710,\"delay\":null}', 0, NULL, 1761535710, 1761535710),
(47, 'default', '{\"uuid\":\"6bcdcbf1-211b-493c-b2b8-dc9ca59e8c7b\",\"displayName\":\"App\\\\Events\\\\BookingStatusUpdated\",\"job\":\"Illuminate\\\\Queue\\\\CallQueuedHandler@call\",\"maxTries\":null,\"maxExceptions\":null,\"failOnTimeout\":false,\"backoff\":null,\"timeout\":null,\"retryUntil\":null,\"data\":{\"commandName\":\"Illuminate\\\\Broadcasting\\\\BroadcastEvent\",\"command\":\"O:38:\\\"Illuminate\\\\Broadcasting\\\\BroadcastEvent\\\":16:{s:5:\\\"event\\\";O:31:\\\"App\\\\Events\\\\BookingStatusUpdated\\\":1:{s:7:\\\"booking\\\";O:45:\\\"Illuminate\\\\Contracts\\\\Database\\\\ModelIdentifier\\\":5:{s:5:\\\"class\\\";s:18:\\\"App\\\\Models\\\\Booking\\\";s:2:\\\"id\\\";i:26;s:9:\\\"relations\\\";a:0:{}s:10:\\\"connection\\\";s:5:\\\"mysql\\\";s:15:\\\"collectionClass\\\";N;}}s:5:\\\"tries\\\";N;s:7:\\\"timeout\\\";N;s:7:\\\"backoff\\\";N;s:13:\\\"maxExceptions\\\";N;s:10:\\\"connection\\\";N;s:5:\\\"queue\\\";N;s:12:\\\"messageGroup\\\";N;s:12:\\\"deduplicator\\\";N;s:5:\\\"delay\\\";N;s:11:\\\"afterCommit\\\";N;s:10:\\\"middleware\\\";a:0:{}s:7:\\\"chained\\\";a:0:{}s:15:\\\"chainConnection\\\";N;s:10:\\\"chainQueue\\\";N;s:19:\\\"chainCatchCallbacks\\\";N;}\"},\"createdAt\":1761537657,\"delay\":null}', 0, NULL, 1761537657, 1761537657),
(48, 'default', '{\"uuid\":\"7a92a860-4fa8-41de-a7ae-a4c112cb7010\",\"displayName\":\"App\\\\Events\\\\BookingStatusUpdated\",\"job\":\"Illuminate\\\\Queue\\\\CallQueuedHandler@call\",\"maxTries\":null,\"maxExceptions\":null,\"failOnTimeout\":false,\"backoff\":null,\"timeout\":null,\"retryUntil\":null,\"data\":{\"commandName\":\"Illuminate\\\\Broadcasting\\\\BroadcastEvent\",\"command\":\"O:38:\\\"Illuminate\\\\Broadcasting\\\\BroadcastEvent\\\":16:{s:5:\\\"event\\\";O:31:\\\"App\\\\Events\\\\BookingStatusUpdated\\\":1:{s:7:\\\"booking\\\";O:45:\\\"Illuminate\\\\Contracts\\\\Database\\\\ModelIdentifier\\\":5:{s:5:\\\"class\\\";s:18:\\\"App\\\\Models\\\\Booking\\\";s:2:\\\"id\\\";i:26;s:9:\\\"relations\\\";a:0:{}s:10:\\\"connection\\\";s:5:\\\"mysql\\\";s:15:\\\"collectionClass\\\";N;}}s:5:\\\"tries\\\";N;s:7:\\\"timeout\\\";N;s:7:\\\"backoff\\\";N;s:13:\\\"maxExceptions\\\";N;s:10:\\\"connection\\\";N;s:5:\\\"queue\\\";N;s:12:\\\"messageGroup\\\";N;s:12:\\\"deduplicator\\\";N;s:5:\\\"delay\\\";N;s:11:\\\"afterCommit\\\";N;s:10:\\\"middleware\\\";a:0:{}s:7:\\\"chained\\\";a:0:{}s:15:\\\"chainConnection\\\";N;s:10:\\\"chainQueue\\\";N;s:19:\\\"chainCatchCallbacks\\\";N;}\"},\"createdAt\":1761537660,\"delay\":null}', 0, NULL, 1761537660, 1761537660),
(49, 'default', '{\"uuid\":\"b4523add-5c40-46c4-8b12-5f97b26a94b3\",\"displayName\":\"App\\\\Events\\\\BookingStatusUpdated\",\"job\":\"Illuminate\\\\Queue\\\\CallQueuedHandler@call\",\"maxTries\":null,\"maxExceptions\":null,\"failOnTimeout\":false,\"backoff\":null,\"timeout\":null,\"retryUntil\":null,\"data\":{\"commandName\":\"Illuminate\\\\Broadcasting\\\\BroadcastEvent\",\"command\":\"O:38:\\\"Illuminate\\\\Broadcasting\\\\BroadcastEvent\\\":16:{s:5:\\\"event\\\";O:31:\\\"App\\\\Events\\\\BookingStatusUpdated\\\":1:{s:7:\\\"booking\\\";O:45:\\\"Illuminate\\\\Contracts\\\\Database\\\\ModelIdentifier\\\":5:{s:5:\\\"class\\\";s:18:\\\"App\\\\Models\\\\Booking\\\";s:2:\\\"id\\\";i:27;s:9:\\\"relations\\\";a:0:{}s:10:\\\"connection\\\";s:5:\\\"mysql\\\";s:15:\\\"collectionClass\\\";N;}}s:5:\\\"tries\\\";N;s:7:\\\"timeout\\\";N;s:7:\\\"backoff\\\";N;s:13:\\\"maxExceptions\\\";N;s:10:\\\"connection\\\";N;s:5:\\\"queue\\\";N;s:12:\\\"messageGroup\\\";N;s:12:\\\"deduplicator\\\";N;s:5:\\\"delay\\\";N;s:11:\\\"afterCommit\\\";N;s:10:\\\"middleware\\\";a:0:{}s:7:\\\"chained\\\";a:0:{}s:15:\\\"chainConnection\\\";N;s:10:\\\"chainQueue\\\";N;s:19:\\\"chainCatchCallbacks\\\";N;}\"},\"createdAt\":1761742592,\"delay\":null}', 0, NULL, 1761742593, 1761742593);

-- --------------------------------------------------------

--
-- Table structure for table `job_batches`
--

CREATE TABLE `job_batches` (
  `id` varchar(255) NOT NULL,
  `name` varchar(255) NOT NULL,
  `total_jobs` int(11) NOT NULL,
  `pending_jobs` int(11) NOT NULL,
  `failed_jobs` int(11) NOT NULL,
  `failed_job_ids` longtext NOT NULL,
  `options` mediumtext DEFAULT NULL,
  `cancelled_at` int(11) DEFAULT NULL,
  `created_at` int(11) NOT NULL,
  `finished_at` int(11) DEFAULT NULL
) ENGINE=InnoDB DEFAULT CHARSET=utf8mb4 COLLATE=utf8mb4_unicode_ci;

-- --------------------------------------------------------

--
-- Table structure for table `migrations`
--

CREATE TABLE `migrations` (
  `id` int(10) UNSIGNED NOT NULL,
  `migration` varchar(255) NOT NULL,
  `batch` int(11) NOT NULL
) ENGINE=InnoDB DEFAULT CHARSET=utf8mb4 COLLATE=utf8mb4_unicode_ci;

--
-- Dumping data for table `migrations`
--

INSERT INTO `migrations` (`id`, `migration`, `batch`) VALUES
(1, '0001_01_01_000000_create_users_table', 1),
(2, '0001_01_01_000001_create_cache_table', 1),
(3, '0001_01_01_000002_create_jobs_table', 1),
(4, '2025_10_23_065939_add_role_and_phone_to_users_table', 1),
(5, '2025_10_23_070002_create_services_table', 1),
(6, '2025_10_23_070041_create_barbers_table', 1),
(7, '2025_10_23_070118_create_bookings_table', 1),
(8, '2025_10_23_070205_create_products_table', 1),
(9, '2025_10_24_071610_add_phone_to_bookings_table', 2),
(10, '2025_10_24_123551_update_booking_status_enum', 3),
(11, '2025_10_24_124936_add_booking_datetime_to_bookings_table', 4);

-- --------------------------------------------------------

--
-- Table structure for table `password_reset_tokens`
--

CREATE TABLE `password_reset_tokens` (
  `email` varchar(255) NOT NULL,
  `token` varchar(255) NOT NULL,
  `created_at` timestamp NULL DEFAULT NULL
) ENGINE=InnoDB DEFAULT CHARSET=utf8mb4 COLLATE=utf8mb4_unicode_ci;

-- --------------------------------------------------------

--
-- Table structure for table `products`
--

CREATE TABLE `products` (
  `id` bigint(20) UNSIGNED NOT NULL,
  `name` varchar(255) NOT NULL,
  `price` int(11) NOT NULL,
  `description` text DEFAULT NULL,
  `image_path` varchar(255) DEFAULT NULL,
  `stock_quantity` int(11) NOT NULL DEFAULT 0,
  `status` enum('active','inactive') NOT NULL DEFAULT 'active',
  `created_at` timestamp NULL DEFAULT NULL,
  `updated_at` timestamp NULL DEFAULT NULL
) ENGINE=InnoDB DEFAULT CHARSET=utf8mb4 COLLATE=utf8mb4_unicode_ci;

--
-- Dumping data for table `products`
--

INSERT INTO `products` (`id`, `name`, `price`, `description`, `image_path`, `stock_quantity`, `status`, `created_at`, `updated_at`) VALUES
(1, 'Hair Tonic', 45000, 'Penghilang rasa gatal dan ketombe', '/assets/img/hair.jpg', 50, 'active', '2025-10-23 01:30:21', '2025-10-23 01:30:21'),
(2, 'Hair Vitamin', 75000, 'Vitamin rambut untuk pertumbuhan', '/assets/img/vit.jpg', 30, 'active', '2025-10-23 01:30:21', '2025-10-23 01:30:21'),
(3, 'Hair Powder', 55000, 'Serbuk rambut untuk tekstur', '/assets/img/vow.jpg', 40, 'active', '2025-10-23 01:30:21', '2025-10-23 01:30:21'),
(4, 'Premium Pomade', 65000, 'Pomade premium untuk gaya rambut', '/assets/img/pom.jpg', 25, 'active', '2025-10-23 01:30:21', '2025-10-23 01:30:21');

-- --------------------------------------------------------

--
-- Table structure for table `services`
--

CREATE TABLE `services` (
  `id` bigint(20) UNSIGNED NOT NULL,
  `name` varchar(255) NOT NULL,
  `price` int(11) NOT NULL,
  `duration` int(11) NOT NULL,
  `description` text DEFAULT NULL,
  `created_at` timestamp NULL DEFAULT NULL,
  `updated_at` timestamp NULL DEFAULT NULL
) ENGINE=InnoDB DEFAULT CHARSET=utf8mb4 COLLATE=utf8mb4_unicode_ci;

--
-- Dumping data for table `services`
--

INSERT INTO `services` (`id`, `name`, `price`, `duration`, `description`, `created_at`, `updated_at`) VALUES
(1, 'Cukur + Hair Tonic', 20000, 35, 'Pemotongan rambut dengan hair tonic', '2025-10-23 01:30:21', '2025-10-23 01:30:21'),
(2, 'Cukur + Kramas + Vitamin + Tonic', 30000, 45, 'Pemotongan rambut lengkap dengan keramas, vitamin dan hair tonic', '2025-10-23 01:30:21', '2025-10-23 01:30:21'),
(3, 'Cukur + Keramas + Vitamin + Pijat', 45000, 60, 'Pemotongan rambut lengkap dengan keramas, vitamin dan pijat', '2025-10-23 01:30:21', '2025-10-23 01:30:21'),
(4, 'Cukur + Semir', 80000, 105, 'Pemotongan rambut dengan pengecatan rambut', '2025-10-23 01:30:21', '2025-10-23 01:30:21'),
(5, 'Hairlight', 175000, 120, 'Treatment cahaya rambut premium', '2025-10-23 01:30:21', '2025-10-23 01:30:21'),
(6, 'Cukur + Hair Tonic', 20000, 35, 'Pemotongan rambut dengan hair tonic', '2025-10-23 17:29:21', '2025-10-23 17:29:21'),
(7, 'Cukur + Kramas + Vitamin + Tonic', 30000, 45, 'Pemotongan rambut lengkap dengan keramas, vitamin dan hair tonic', '2025-10-23 17:29:22', '2025-10-23 17:29:22'),
(8, 'Cukur + Keramas + Vitamin + Pijat', 45000, 60, 'Pemotongan rambut lengkap dengan keramas, vitamin dan pijat', '2025-10-23 17:29:22', '2025-10-23 17:29:22'),
(9, 'Cukur + Semir', 80000, 105, 'Pemotongan rambut dengan pengecatan rambut', '2025-10-23 17:29:22', '2025-10-23 17:29:22'),
(10, 'Hairlight', 175000, 120, 'Treatment cahaya rambut premium', '2025-10-23 17:29:22', '2025-10-23 17:29:22');

-- --------------------------------------------------------

--
-- Table structure for table `sessions`
--

CREATE TABLE `sessions` (
  `id` varchar(255) NOT NULL,
  `user_id` bigint(20) UNSIGNED DEFAULT NULL,
  `ip_address` varchar(45) DEFAULT NULL,
  `user_agent` text DEFAULT NULL,
  `payload` longtext NOT NULL,
  `last_activity` int(11) NOT NULL
) ENGINE=InnoDB DEFAULT CHARSET=utf8mb4 COLLATE=utf8mb4_unicode_ci;

--
-- Dumping data for table `sessions`
--

INSERT INTO `sessions` (`id`, `user_id`, `ip_address`, `user_agent`, `payload`, `last_activity`) VALUES
('Io71Po3CygnUW3iqzK58jiB8XTZIESNGQYyurapa', NULL, '127.0.0.1', 'Mozilla/5.0 (Windows NT 10.0; Win64; x64) AppleWebKit/537.36 (KHTML, like Gecko) Chrome/141.0.0.0 Safari/537.36', 'YTozOntzOjY6Il90b2tlbiI7czo0MDoiNlQyNmJIUEIzN1B5cHlmQ1ZId1BpQnhHRDFqRGRoaWZCRzdJa0RFVyI7czo5OiJfcHJldmlvdXMiO2E6MTp7czozOiJ1cmwiO3M6MjE6Imh0dHA6Ly8xMjcuMC4wLjE6ODAwMCI7fXM6NjoiX2ZsYXNoIjthOjI6e3M6Mzoib2xkIjthOjA6e31zOjM6Im5ldyI7YTowOnt9fX0=', 1761741254),
('knVP9PGxZApOrFFVLdwspTW9iEh3WRGE0eRa1O3e', 5, '127.0.0.1', 'Mozilla/5.0 (Windows NT 10.0; Win64; x64) AppleWebKit/537.36 (KHTML, like Gecko) Chrome/141.0.0.0 Safari/537.36', 'YTo0OntzOjY6Il90b2tlbiI7czo0MDoiMFBPRWVqd3RTZzVwWHRjMk5LT0wxdmNBM3VHQUZoQUNPb2hWclhQMyI7czo2OiJfZmxhc2giO2E6Mjp7czozOiJvbGQiO2E6MDp7fXM6MzoibmV3IjthOjA6e319czo5OiJfcHJldmlvdXMiO2E6MTp7czozOiJ1cmwiO3M6MzY6Imh0dHA6Ly8xMjcuMC4wLjE6ODAwMC9hZG1pbi9wcm9kdWN0cyI7fXM6NTA6ImxvZ2luX3dlYl81OWJhMzZhZGRjMmIyZjk0MDE1ODBmMDE0YzdmNThlYTRlMzA5ODlkIjtpOjU7fQ==', 1761745739),
('tgdoktGeVRqhZtFFk2CXvFTU5SLGgZqxoXsRM6gV', 4, '127.0.0.1', 'Mozilla/5.0 (Windows NT 10.0; Win64; x64) AppleWebKit/537.36 (KHTML, like Gecko) Chrome/141.0.0.0 Safari/537.36', 'YTo0OntzOjY6Il90b2tlbiI7czo0MDoieGdGQlJZSElnSkxaRjVqMDFaMk44TW5EMXp0dm5va2NlbW5OZXN5RyI7czo5OiJfcHJldmlvdXMiO2E6MTp7czozOiJ1cmwiO3M6Mjc6Imh0dHA6Ly8xMjcuMC4wLjE6ODAwMC9sb2dpbiI7fXM6NjoiX2ZsYXNoIjthOjI6e3M6Mzoib2xkIjthOjA6e31zOjM6Im5ldyI7YTowOnt9fXM6NTA6ImxvZ2luX3dlYl81OWJhMzZhZGRjMmIyZjk0MDE1ODBmMDE0YzdmNThlYTRlMzA5ODlkIjtpOjQ7fQ==', 1761741292);

-- --------------------------------------------------------

--
-- Table structure for table `users`
--

CREATE TABLE `users` (
  `id` bigint(20) UNSIGNED NOT NULL,
  `name` varchar(255) NOT NULL,
  `email` varchar(255) NOT NULL,
  `email_verified_at` timestamp NULL DEFAULT NULL,
  `password` varchar(255) NOT NULL,
  `remember_token` varchar(100) DEFAULT NULL,
  `created_at` timestamp NULL DEFAULT NULL,
  `updated_at` timestamp NULL DEFAULT NULL,
  `phone` varchar(255) DEFAULT NULL,
  `role` varchar(255) NOT NULL DEFAULT 'user'
) ENGINE=InnoDB DEFAULT CHARSET=utf8mb4 COLLATE=utf8mb4_unicode_ci;

--
-- Dumping data for table `users`
--

INSERT INTO `users` (`id`, `name`, `email`, `email_verified_at`, `password`, `remember_token`, `created_at`, `updated_at`, `phone`, `role`) VALUES
(1, 'Admin User', 'admin@cukurmen.com', NULL, '$2y$12$B3qe8Q0T22w8p28Vzc3NU.BmJEXl4hZP65RbPu62fK9w6Nn3kbyWm', NULL, '2025-10-23 01:30:20', '2025-10-23 01:30:20', '081234567890', 'admin'),
(2, 'Regular User', 'user@cukurmen.com', NULL, '$2y$12$9QOZ1dlOYhacLSx7PdBmS.ofi5b4zYOddIdHZxuuYZdrnI1cu.ZG2', NULL, '2025-10-23 01:30:21', '2025-10-23 01:30:21', '081234567891', 'user'),
(4, 'rangga', 'rangga@gmail.com', NULL, '$2y$12$3/8qg7UEbXvvs3ClnihKyeE9paUPHHpKSTrQq2pt86Dcg/SE/ipna', NULL, '2025-10-23 02:32:12', '2025-10-23 02:32:12', '083162309611', 'user'),
(5, 'niadmin', 'adminku@gmail.com', NULL, '$2y$12$P33ZsAZbM5e9jU9imX8xYeaVxMg2iojqb85RIB6ij6Jaz3HVKmQPG', NULL, '2025-10-23 02:35:23', '2025-10-23 02:35:23', '081234567833', 'admin'),
(6, 'aryooo', 'aryooo@walkin.cukurmen', NULL, '$2y$12$8iP9KrLT7V2BpD0i8tbN.O9F.JfnH385LTuYpLRDjjx3q6QfL1kY2', NULL, '2025-10-23 20:09:58', '2025-10-23 20:09:58', 'N/A', 'user'),
(7, 'asep', 'asep@walkin.cukurmen', NULL, '$2y$12$2gJEzTjJVovxndEu53aWDemIvRISrFNxROkCRB8eTFvoFMShlmd6O', NULL, '2025-10-24 20:29:39', '2025-10-25 12:23:18', '094032432043', 'user'),
(8, 'esteh', 'esteh@walkin.cukurmen', NULL, '$2y$12$/BWQeqzhFXZJc1GGGC7fROJBcyjSBQCNFkEnFOg0Wftjt1p.wmB/K', NULL, '2025-10-24 21:02:11', '2025-10-24 21:02:11', '081228346005', 'user'),
(9, 'asaaa', 'asaaa@walkin.cukurmen', NULL, '$2y$12$skOrSFNiRYnjupmHlM5T5O3.4AaK9QiYX5THjQYTeWYSosREn71P.', NULL, '2025-10-24 21:56:56', '2025-10-24 21:56:56', '083162309733', 'user'),
(10, 'anjingg', 'anjingg@walkin.cukurmen', NULL, '$2y$12$fLu4UAtvk31K9BxBervYBexTIM9R5jTq.jnk0uxStdSr6PiHdrm1u', NULL, '2025-10-24 22:12:05', '2025-10-24 22:12:05', '08132221443', 'user'),
(11, 'rangga nih', 'rangganih@walkin.cukurmen', NULL, '$2y$12$dpQNgQJv14uZ5BArDjTqNOakWqR.rcKesCv/veMUtF0uWA7Z2lY.S', NULL, '2025-10-25 16:21:50', '2025-10-25 16:21:50', '08121243332423', 'user'),
(12, 'asepp', 'asepp@walkin.cukurmen', NULL, '$2y$12$5wjGVK8wASBtTWZMRpSdIuUhBYLixtPGRr368Z09YLX2hrvVs6yvG', NULL, '2025-10-26 01:12:09', '2025-10-26 01:12:09', '082109483904', 'user'),
(13, 'anajyyy', 'anajyyy@walkin.cukurmen', NULL, '$2y$12$W1MixRF.5i7oSHG3LGdeh.CsinyGz6qnTv9Rh.AyzDv5mlwReIIWu', NULL, '2025-10-26 02:39:25', '2025-10-26 02:39:25', '4239843294', 'user'),
(14, 'fahreza', 'fahreza@walkin.cukurmen', NULL, '$2y$12$6LmttijtURrnvz.MlsEuPOHDWD9MHbkSU/S4wGG3LyA7ogW7hJb2e', NULL, '2025-10-26 06:16:14', '2025-10-26 06:16:14', '085706437059', 'user'),
(15, 'adit', 'adityo12@gmail.com', NULL, '$2y$12$zI1tjV9vQuzXlJhIs92W3uhs8PPFF4uB1TkzSB0C6NNuAqDtceCEu', NULL, '2025-10-26 10:18:44', '2025-10-26 10:18:44', NULL, 'user'),
(16, 'Carroline', 'caroline@gmail.com', NULL, '$2y$12$94HeDeWwRjKhLDcc.nmwNeDFpY7CETcJpwvampmSO1FoSd8pOBq2G', NULL, '2025-10-26 12:22:55', '2025-10-26 12:22:55', NULL, 'user');

--
-- Indexes for dumped tables
--

--
-- Indexes for table `barbers`
--
ALTER TABLE `barbers`
  ADD PRIMARY KEY (`id`);

--
-- Indexes for table `bookings`
--
ALTER TABLE `bookings`
  ADD PRIMARY KEY (`id`),
  ADD UNIQUE KEY `bookings_booking_id_unique` (`booking_id`),
  ADD KEY `bookings_user_id_foreign` (`user_id`),
  ADD KEY `bookings_service_id_foreign` (`service_id`),
  ADD KEY `bookings_barber_id_foreign` (`barber_id`);

--
-- Indexes for table `cache`
--
ALTER TABLE `cache`
  ADD PRIMARY KEY (`key`);

--
-- Indexes for table `cache_locks`
--
ALTER TABLE `cache_locks`
  ADD PRIMARY KEY (`key`);

--
-- Indexes for table `failed_jobs`
--
ALTER TABLE `failed_jobs`
  ADD PRIMARY KEY (`id`),
  ADD UNIQUE KEY `failed_jobs_uuid_unique` (`uuid`);

--
-- Indexes for table `jobs`
--
ALTER TABLE `jobs`
  ADD PRIMARY KEY (`id`),
  ADD KEY `jobs_queue_index` (`queue`);

--
-- Indexes for table `job_batches`
--
ALTER TABLE `job_batches`
  ADD PRIMARY KEY (`id`);

--
-- Indexes for table `migrations`
--
ALTER TABLE `migrations`
  ADD PRIMARY KEY (`id`);

--
-- Indexes for table `password_reset_tokens`
--
ALTER TABLE `password_reset_tokens`
  ADD PRIMARY KEY (`email`);

--
-- Indexes for table `products`
--
ALTER TABLE `products`
  ADD PRIMARY KEY (`id`);

--
-- Indexes for table `services`
--
ALTER TABLE `services`
  ADD PRIMARY KEY (`id`);

--
-- Indexes for table `sessions`
--
ALTER TABLE `sessions`
  ADD PRIMARY KEY (`id`),
  ADD KEY `sessions_user_id_index` (`user_id`),
  ADD KEY `sessions_last_activity_index` (`last_activity`);

--
-- Indexes for table `users`
--
ALTER TABLE `users`
  ADD PRIMARY KEY (`id`),
  ADD UNIQUE KEY `users_email_unique` (`email`);

--
-- AUTO_INCREMENT for dumped tables
--

--
-- AUTO_INCREMENT for table `barbers`
--
ALTER TABLE `barbers`
  MODIFY `id` bigint(20) UNSIGNED NOT NULL AUTO_INCREMENT, AUTO_INCREMENT=4;

--
-- AUTO_INCREMENT for table `bookings`
--
ALTER TABLE `bookings`
  MODIFY `id` bigint(20) UNSIGNED NOT NULL AUTO_INCREMENT, AUTO_INCREMENT=28;

--
-- AUTO_INCREMENT for table `failed_jobs`
--
ALTER TABLE `failed_jobs`
  MODIFY `id` bigint(20) UNSIGNED NOT NULL AUTO_INCREMENT;

--
-- AUTO_INCREMENT for table `jobs`
--
ALTER TABLE `jobs`
  MODIFY `id` bigint(20) UNSIGNED NOT NULL AUTO_INCREMENT, AUTO_INCREMENT=50;

--
-- AUTO_INCREMENT for table `migrations`
--
ALTER TABLE `migrations`
  MODIFY `id` int(10) UNSIGNED NOT NULL AUTO_INCREMENT, AUTO_INCREMENT=12;

--
-- AUTO_INCREMENT for table `products`
--
ALTER TABLE `products`
  MODIFY `id` bigint(20) UNSIGNED NOT NULL AUTO_INCREMENT, AUTO_INCREMENT=5;

--
-- AUTO_INCREMENT for table `services`
--
ALTER TABLE `services`
  MODIFY `id` bigint(20) UNSIGNED NOT NULL AUTO_INCREMENT, AUTO_INCREMENT=12;

--
-- AUTO_INCREMENT for table `users`
--
ALTER TABLE `users`
  MODIFY `id` bigint(20) UNSIGNED NOT NULL AUTO_INCREMENT, AUTO_INCREMENT=20;

--
-- Constraints for dumped tables
--

--
-- Constraints for table `bookings`
--
ALTER TABLE `bookings`
  ADD CONSTRAINT `bookings_barber_id_foreign` FOREIGN KEY (`barber_id`) REFERENCES `barbers` (`id`) ON DELETE CASCADE,
  ADD CONSTRAINT `bookings_service_id_foreign` FOREIGN KEY (`service_id`) REFERENCES `services` (`id`) ON DELETE CASCADE,
  ADD CONSTRAINT `bookings_user_id_foreign` FOREIGN KEY (`user_id`) REFERENCES `users` (`id`) ON DELETE CASCADE;
COMMIT;

/*!40101 SET CHARACTER_SET_CLIENT=@OLD_CHARACTER_SET_CLIENT */;
/*!40101 SET CHARACTER_SET_RESULTS=@OLD_CHARACTER_SET_RESULTS */;
/*!40101 SET COLLATION_CONNECTION=@OLD_COLLATION_CONNECTION */;
